show,class,place,competitor,gallery_url,photo_file,division_check,auto_color1,auto_color2,auto_method,archetype,archetype_source
2026 NPC Junior Nationals,A,1,Kyle Lavender,https://contests.npcnewsonline.com/contests/2026/npc_junior_nationals/ojm4/kyle_lavender,jrnats26_A_1_Kyle_Lavender.jpg,pending,black [scored],light blue (0.24),kmeans_v1 (62% family accuracy vs human reads - CALIBRATION NEEDED),color-block panels,human/vision scored (high)
2026 NPC Junior Nationals,A,2,Marcos Quelix,https://contests.npcnewsonline.com/contests/2026/npc_junior_nationals/ojm6/marcos_quelix,jrnats26_A_2_Marcos_Quelix.jpg,pending,white (0.52),navy (0.23),kmeans_v1 (62% family accuracy vs human reads - CALIBRATION NEEDED),,PENDING_REVIEW
2026 NPC Junior Nationals,A,3,Jorge Estevez,https://contests.npcnewsonline.com/contests/2026/npc_junior_nationals/ojm0/jorge_estevez,jrnats26_A_3_Jorge_Estevez.jpg,pending,navy (0.37),white (0.24),kmeans_v1 (62% family accuracy vs human reads - CALIBRATION NEEDED),,PENDING_REVIEW
2026 NPC Junior Nationals,A,4,Rocco Giannelli,https://contests.npcnewsonline.com/contests/2026/npc_junior_nationals/ojm2/rocco_giannelli,jrnats26_A_4_Rocco_Giannelli.jpg,pending,white (0.41),light blue (0.23),kmeans_v1 (62% family accuracy vs human reads - CALIBRATION NEEDED),,PENDING_REVIEW
2026 NPC Junior Nationals,A,5,Justin Greene,https://contests.npcnewsonline.com/contests/2026/npc_junior_nationals/ojm3/justin_greene,jrnats26_A_5_Justin_Greene.jpg,pending,white (0.36),navy (0.24),kmeans_v1 (62% family accuracy vs human reads - CALIBRATION NEEDED),,PENDING_REVIEW
2026 NPC Junior Nationals,B,1,Travis Pelser,https://contests.npcnewsonline.com/contests/2026/npc_junior_nationals/ojl7/travis_pelser,jrnats26_B_1_Travis_Pelser.jpg,pending,white (0.44),black (0.3),kmeans_v1 (62% family accuracy vs human reads - CALIBRATION NEEDED),,PENDING_REVIEW
2026 NPC Junior Nationals,B,2,Kwame Poku,https://contests.npcnewsonline.com/contests/2026/npc_junior_nationals/ojma/kwame_poku,jrnats26_B_2_Kwame_Poku.jpg,pending,light blue (0.34),navy (0.31),kmeans_v1 (62% family accuracy vs human reads - CALIBRATION NEEDED),,PENDING_REVIEW
2026 NPC Junior Nationals,B,3,Lucas Francisco daSilva,https://contests.npcnewsonline.com/contests/2026/npc_junior_nationals/ojm8/lucas_francisco_dasilva,jrnats26_B_3_Lucas_Francisco_daSilva.jpg,pending,navy (0.32),royal blue (0.28),kmeans_v1 (62% family accuracy vs human reads - CALIBRATION NEEDED),,PENDING_REVIEW
2026 NPC Junior Nationals,B,4,Orlando Rosales,https://contests.npcnewsonline.com/contests/2026/npc_junior_nationals/ojmb/orlando_rosales,jrnats26_B_4_Orlando_Rosales.jpg,pending,navy (0.4),royal blue (0.25),kmeans_v1 (62% family accuracy vs human reads - CALIBRATION NEEDED),,PENDING_REVIEW
2026 NPC Junior Nationals,B,5,Thomas Somphanthabansouk,https://contests.npcnewsonline.com/contests/2026/npc_junior_nationals/ojme/thomas_somphanthabansouk,jrnats26_B_5_Thomas_Somphanthabansouk.jpg,pending,navy (0.46),white (0.22),kmeans_v1 (62% family accuracy vs human reads - CALIBRATION NEEDED),,PENDING_REVIEW
2026 NPC Junior Nationals,C,1,Sean Fong,https://contests.npcnewsonline.com/contests/2026/npc_junior_nationals/ojn0/sean_fong,jrnats26_C_1_Sean_Fong.jpg,pending,black [scored],navy (0.26),kmeans_v1 (62% family accuracy vs human reads - CALIBRATION NEEDED),color-block panels,human/vision scored (high)
2026 NPC Junior Nationals,C,2,Justin Dumas,https://contests.npcnewsonline.com/contests/2026/npc_junior_nationals/ojmz/justin_dumas,jrnats26_C_2_Justin_Dumas.jpg,pending,navy (0.4),white (0.3),kmeans_v1 (62% family accuracy vs human reads - CALIBRATION NEEDED),,PENDING_REVIEW
2026 NPC Junior Nationals,C,3,Dakota-Wray Wilkerson,https://contests.npcnewsonline.com/contests/2026/npc_junior_nationals/ojn5/dakotawray_wilkerson,jrnats26_C_3_Dakota-Wray_Wilkerson.jpg,pending,navy (0.42),white (0.23),kmeans_v1 (62% family accuracy vs human reads - CALIBRATION NEEDED),,PENDING_REVIEW
2026 NPC Junior Nationals,C,4,Lucas Martini,https://contests.npcnewsonline.com/contests/2026/npc_junior_nationals/ojn3/lucas_martini,jrnats26_C_4_Lucas_Martini.jpg,pending,royal blue (0.27),navy (0.25),kmeans_v1 (62% family accuracy vs human reads - CALIBRATION NEEDED),,PENDING_REVIEW
2026 NPC Junior Nationals,C,5,Anderson Moise,https://contests.npcnewsonline.com/contests/2026/npc_junior_nationals/ojmw/anderson_moise,jrnats26_C_5_Anderson_Moise.jpg,pending,white (0.52),navy (0.19),kmeans_v1 (62% family accuracy vs human reads - CALIBRATION NEEDED),,PENDING_REVIEW
2026 NPC Junior Nationals,D,1,Bryan Uth,https://contests.npcnewsonline.com/contests/2026/npc_junior_nationals/ojnf/bryan_uth,jrnats26_D_1_Bryan_Uth.jpg,pending,lavender/purple [scored],navy (0.28),kmeans_v1 (62% family accuracy vs human reads - CALIBRATION NEEDED),solid + trim,human/vision scored (high)
2026 NPC Junior Nationals,D,2,Cole Sweetser,https://contests.npcnewsonline.com/contests/2026/npc_junior_nationals/ojnc/cole_sweetser,jrnats26_D_2_Cole_Sweetser.jpg,pending,navy (0.51),white (0.24),kmeans_v1 (62% family accuracy vs human reads - CALIBRATION NEEDED),,PENDING_REVIEW
2026 NPC Junior Nationals,D,3,Adam Cuellar,https://contests.npcnewsonline.com/contests/2026/npc_junior_nationals/ojn8/adam_cuellar,jrnats26_D_3_Adam_Cuellar.jpg,pending,white (0.39),navy (0.31),kmeans_v1 (62% family accuracy vs human reads - CALIBRATION NEEDED),,PENDING_REVIEW
2026 NPC Junior Nationals,D,4,Jordan Carter,https://contests.npcnewsonline.com/contests/2026/npc_junior_nationals/ojng/jordan_carter,jrnats26_D_4_Jordan_Carter.jpg,pending,white (0.53),navy (0.2),kmeans_v1 (62% family accuracy vs human reads - CALIBRATION NEEDED),,PENDING_REVIEW
2026 NPC Junior Nationals,D,5,Gabe Findley,https://contests.npcnewsonline.com/contests/2026/npc_junior_nationals/ojn9/gabe_findley,jrnats26_D_5_Gabe_Findley.jpg,pending,light blue (0.38),navy (0.27),kmeans_v1 (62% family accuracy vs human reads - CALIBRATION NEEDED),,PENDING_REVIEW
2026 NPC Junior Nationals,E,1,Craver King,https://contests.npcnewsonline.com/contests/2026/npc_junior_nationals/ojno/craver_king,jrnats26_E_1_Craver_King.jpg,pending,light blue [scored],navy (0.22),kmeans_v1 (62% family accuracy vs human reads - CALIBRATION NEEDED),color-block panels,human/vision scored (high)
2026 NPC Junior Nationals,E,2,Enjley Cineus,https://contests.npcnewsonline.com/contests/2026/npc_junior_nationals/ojni/enjley_cineus,jrnats26_E_2_Enjley_Cineus.jpg,pending,white (0.46),light blue (0.19),kmeans_v1 (62% family accuracy vs human reads - CALIBRATION NEEDED),,PENDING_REVIEW
2026 NPC Junior Nationals,E,3,Ben Emerson,https://contests.npcnewsonline.com/contests/2026/npc_junior_nationals/ojnm/ben_emerson,jrnats26_E_3_Ben_Emerson.jpg,pending,white (0.27),navy (0.26),kmeans_v1 (62% family accuracy vs human reads - CALIBRATION NEEDED),,PENDING_REVIEW
2026 NPC Junior Nationals,E,4,Brett Brown,https://contests.npcnewsonline.com/contests/2026/npc_junior_nationals/ojnk/brett_brown,jrnats26_E_4_Brett_Brown.jpg,pending,brown (0.33),navy (0.25),kmeans_v1 (62% family accuracy vs human reads - CALIBRATION NEEDED),,PENDING_REVIEW
2026 NPC Junior Nationals,E,5,Courtney Ellis,https://contests.npcnewsonline.com/contests/2026/npc_junior_nationals/ojnl/courtney_ellis,jrnats26_E_5_Courtney_Ellis.jpg,pending,white (0.36),navy (0.23),kmeans_v1 (62% family accuracy vs human reads - CALIBRATION NEEDED),,PENDING_REVIEW
2026 NPC Junior Nationals,F,1,Jacob Podrezov,https://contests.npcnewsonline.com/contests/2026/npc_junior_nationals/ojmt/jacob_podrezov,jrnats26_F_1_Jacob_Podrezov.jpg,pending,black [scored],brown (0.34),kmeans_v1 (62% family accuracy vs human reads - CALIBRATION NEEDED),color-block/gradient,human/vision scored (high)
2026 NPC Junior Nationals,F,2,Kahlil Nevett- James,https://contests.npcnewsonline.com/contests/2026/npc_junior_nationals/ojms/kahlil_nevett_james,jrnats26_F_2_Kahlil_Nevett-_James.jpg,pending,white (0.36),navy (0.27),kmeans_v1 (62% family accuracy vs human reads - CALIBRATION NEEDED),,PENDING_REVIEW
2026 NPC Junior Nationals,F,3,Bayley Lewis,https://contests.npcnewsonline.com/contests/2026/npc_junior_nationals/ojmr/bayley_lewis,jrnats26_F_3_Bayley_Lewis.jpg,pending,brown (0.36),black (0.32),kmeans_v1 (62% family accuracy vs human reads - CALIBRATION NEEDED),,PENDING_REVIEW
2026 NPC Junior Nationals,F,4,Tyler Waltz,https://contests.npcnewsonline.com/contests/2026/npc_junior_nationals/ojlp/tyler_waltz,jrnats26_F_4_Tyler_Waltz.jpg,pending,black (0.44),white (0.27),kmeans_v1 (62% family accuracy vs human reads - CALIBRATION NEEDED),,PENDING_REVIEW
2026 NPC Junior Nationals,F,5,Kentrell Reynolds,https://contests.npcnewsonline.com/contests/2026/npc_junior_nationals/ojmu/kentrell_reynolds,jrnats26_F_5_Kentrell_Reynolds.jpg,pending,navy (0.38),royal blue (0.27),kmeans_v1 (62% family accuracy vs human reads - CALIBRATION NEEDED),,PENDING_REVIEW
2026 NPC Junior Nationals,G,1,Dorian Lee,https://contests.npcnewsonline.com/contests/2026/npc_junior_nationals/ojlk/dorian_lee,jrnats26_G_1_Dorian_Lee.jpg,pending,black (0.43),white (0.26),kmeans_v1 (62% family accuracy vs human reads - CALIBRATION NEEDED),,PENDING_REVIEW
2026 NPC Junior Nationals,G,2,Carlos Grullon,https://contests.npcnewsonline.com/contests/2026/npc_junior_nationals/ojmj/carlos_grullon,jrnats26_G_2_Carlos_Grullon.jpg,pending,black (0.41),navy (0.32),kmeans_v1 (62% family accuracy vs human reads - CALIBRATION NEEDED),,PENDING_REVIEW
2026 NPC Junior Nationals,G,3,Robert Berry,https://contests.npcnewsonline.com/contests/2026/npc_junior_nationals/ojmg/robert_berry,jrnats26_G_3_Robert_Berry.jpg,pending,navy (0.5),white (0.22),kmeans_v1 (62% family accuracy vs human reads - CALIBRATION NEEDED),,PENDING_REVIEW
2026 NPC Junior Nationals,G,4,Gregory Graham,https://contests.npcnewsonline.com/contests/2026/npc_junior_nationals/ojmh/gregory_graham,jrnats26_G_4_Gregory_Graham.jpg,pending,white (0.51),gray (0.2),kmeans_v1 (62% family accuracy vs human reads - CALIBRATION NEEDED),,PENDING_REVIEW
2026 NPC Junior Nationals,G,5,Bryce Parrott,https://contests.npcnewsonline.com/contests/2026/npc_junior_nationals/ojmk/bryce_parrott,jrnats26_G_5_Bryce_Parrott.jpg,pending,black (0.39),white (0.24),kmeans_v1 (62% family accuracy vs human reads - CALIBRATION NEEDED),,PENDING_REVIEW
2026 NPC Junior Nationals,H,1,Brady Roberts,https://contests.npcnewsonline.com/contests/2026/npc_junior_nationals/ojnw/brady_roberts,jrnats26_H_1_Brady_Roberts.jpg,pending,royal/medium blue [scored],navy (0.24),kmeans_v1 (62% family accuracy vs human reads - CALIBRATION NEEDED),solid + trim,human/vision scored (high)
2026 NPC Junior Nationals,H,2,Lincon Perez,https://contests.npcnewsonline.com/contests/2026/npc_junior_nationals/ojnv/lincon_perez,jrnats26_H_2_Lincon_Perez.jpg,pending,black (0.4),brown (0.29),kmeans_v1 (62% family accuracy vs human reads - CALIBRATION NEEDED),,PENDING_REVIEW
2026 NPC Junior Nationals,H,3,Jalen Harris,https://contests.npcnewsonline.com/contests/2026/npc_junior_nationals/ojns/jalen_harris,jrnats26_H_3_Jalen_Harris.jpg,pending,black (0.38),brown (0.28),kmeans_v1 (62% family accuracy vs human reads - CALIBRATION NEEDED),,PENDING_REVIEW
2026 NPC Junior Nationals,H,4,Emanuel Abbage,https://contests.npcnewsonline.com/contests/2026/npc_junior_nationals/ojnp/emanuel_abbage,jrnats26_H_4_Emanuel_Abbage.jpg,pending,navy (0.31),white (0.25),kmeans_v1 (62% family accuracy vs human reads - CALIBRATION NEEDED),,PENDING_REVIEW
2026 NPC Junior Nationals,H,5,Jam Howard,https://contests.npcnewsonline.com/contests/2026/npc_junior_nationals/ojnt/jam_howard,jrnats26_H_5_Jam_Howard.jpg,pending,black (0.43),brown (0.24),kmeans_v1 (62% family accuracy vs human reads - CALIBRATION NEEDED),,PENDING_REVIEW
2026 NPC Junior USA,A,1,Miles Pines,https://contests.npcnewsonline.com/contests/2026/npc_junior_usa/o93t/miles_pines,jrusa26_A_1_Miles_Pines.jpg,pending,royal blue [scored],navy (0.25),kmeans_v1 (62% family accuracy vs human reads - CALIBRATION NEEDED),color-block panels,human/vision scored (high)
2026 NPC Junior USA,A,2,Jessie Flowers,https://contests.npcnewsonline.com/contests/2026/npc_junior_usa/o93u/jessie_flowers,jrusa26_A_2_Jessie_Flowers.jpg,pending,brown (0.35),lavender (0.34),kmeans_v1 (62% family accuracy vs human reads - CALIBRATION NEEDED),,PENDING_REVIEW
2026 NPC Junior USA,A,3,Marcos Licarly,https://contests.npcnewsonline.com/contests/2026/npc_junior_usa/o93v/marcos_licarly,jrusa26_A_3_Marcos_Licarly.jpg,pending,lavender (0.31),purple (0.28),kmeans_v1 (62% family accuracy vs human reads - CALIBRATION NEEDED),,PENDING_REVIEW
2026 NPC Junior USA,A,4,Anthony Limcuando,https://contests.npcnewsonline.com/contests/2026/npc_junior_usa/o93w/anthony_limcuando,jrusa26_A_4_Anthony_Limcuando.jpg,pending,coral (0.35),lavender (0.26),kmeans_v1 (62% family accuracy vs human reads - CALIBRATION NEEDED),,PENDING_REVIEW
2026 NPC Junior USA,A,5,Justin Greene,https://contests.npcnewsonline.com/contests/2026/npc_junior_usa/o93x/justin_greene,jrusa26_A_5_Justin_Greene.jpg,pending,brown (0.38),gray (0.31),kmeans_v1 (62% family accuracy vs human reads - CALIBRATION NEEDED),,PENDING_REVIEW
2026 NPC Junior USA,B,1,David Carver,https://contests.npcnewsonline.com/contests/2026/npc_junior_usa/o941/david_carver,jrusa26_B_1_David_Carver.jpg,pending,black [scored],navy (0.27),kmeans_v1 (62% family accuracy vs human reads - CALIBRATION NEEDED),energy/element print,human/vision scored (medium)
2026 NPC Junior USA,B,2,Chris Guzman,https://contests.npcnewsonline.com/contests/2026/npc_junior_usa/o942/chris_guzman,jrusa26_B_2_Chris_Guzman.jpg,pending,navy (0.34),royal blue (0.24),kmeans_v1 (62% family accuracy vs human reads - CALIBRATION NEEDED),,PENDING_REVIEW
2026 NPC Junior USA,B,3,Tony Hodge,https://contests.npcnewsonline.com/contests/2026/npc_junior_usa/o943/tony_hodge,jrusa26_B_3_Tony_Hodge.jpg,pending,navy (0.3),coral (0.25),kmeans_v1 (62% family accuracy vs human reads - CALIBRATION NEEDED),,PENDING_REVIEW
2026 NPC Junior USA,B,4,Pierce Steinruck,https://contests.npcnewsonline.com/contests/2026/npc_junior_usa/o944/pierce_steinruck,jrusa26_B_4_Pierce_Steinruck.jpg,pending,navy (0.31),purple (0.3),kmeans_v1 (62% family accuracy vs human reads - CALIBRATION NEEDED),,PENDING_REVIEW
2026 NPC Junior USA,C,1,Mohammad Samardzic,https://contests.npcnewsonline.com/contests/2026/npc_junior_usa/o945/mohammad_samardzic,jrusa26_C_1_Mohammad_Samardzic.jpg,pending,white/yellow/black [scored],navy (0.28),kmeans_v1 (62% family accuracy vs human reads - CALIBRATION NEEDED),color-block panels,human/vision scored (high)
2026 NPC Junior USA,C,2,Lucas Martini,https://contests.npcnewsonline.com/contests/2026/npc_junior_usa/o946/lucas_martini,jrusa26_C_2_Lucas_Martini.jpg,pending,navy (0.41),purple (0.23),kmeans_v1 (62% family accuracy vs human reads - CALIBRATION NEEDED),,PENDING_REVIEW
2026 NPC Junior USA,D,1,Cole Sweetser,https://contests.npcnewsonline.com/contests/2026/npc_junior_usa/o947/cole_sweetser,jrusa26_D_1_Cole_Sweetser.jpg,pending,navy [scored],white (0.25),kmeans_v1 (62% family accuracy vs human reads - CALIBRATION NEEDED),solid + trim,human/vision scored (medium)
2026 NPC Junior USA,D,2,Brett Brown,https://contests.npcnewsonline.com/contests/2026/npc_junior_usa/o948/brett_brown,jrusa26_D_2_Brett_Brown.jpg,pending,brown (0.37),lavender (0.32),kmeans_v1 (62% family accuracy vs human reads - CALIBRATION NEEDED),,PENDING_REVIEW
2026 NPC Junior USA,D,3,Darran Moore,https://contests.npcnewsonline.com/contests/2026/npc_junior_usa/o949/darran_moore,jrusa26_D_3_Darran_Moore.jpg,pending,white (0.36),navy (0.24),kmeans_v1 (62% family accuracy vs human reads - CALIBRATION NEEDED),,PENDING_REVIEW
2026 NPC Junior USA,D,4,Jason Johnson,https://contests.npcnewsonline.com/contests/2026/npc_junior_usa/o94a/jason_johnson,jrusa26_D_4_Jason_Johnson.jpg,pending,brown (0.34),navy (0.29),kmeans_v1 (62% family accuracy vs human reads - CALIBRATION NEEDED),,PENDING_REVIEW
2026 NPC Junior USA,D,5,Zack Stewart,https://contests.npcnewsonline.com/contests/2026/npc_junior_usa/o94b/zack_stewart,jrusa26_D_5_Zack_Stewart.jpg,pending,navy (0.34),white (0.26),kmeans_v1 (62% family accuracy vs human reads - CALIBRATION NEEDED),,PENDING_REVIEW
2026 NPC Junior USA,E,1,Jeffrey Ijor-Woodworth,https://contests.npcnewsonline.com/contests/2026/npc_junior_usa/o94e/jeffrey_ijorwoodworth,jrusa26_E_1_Jeffrey_Ijor-Woodworth.jpg,pending,red [scored],lavender (0.27),kmeans_v1 (62% family accuracy vs human reads - CALIBRATION NEEDED),energy/element print,human/vision scored (high)
2026 NPC Junior USA,E,2,Shawn Board,https://contests.npcnewsonline.com/contests/2026/npc_junior_usa/o94f/shawn_board,jrusa26_E_2_Shawn_Board.jpg,pending,lavender (0.33),navy (0.28),kmeans_v1 (62% family accuracy vs human reads - CALIBRATION NEEDED),,PENDING_REVIEW
2026 NPC Junior USA,F,1,Justin Kitchen,https://contests.npcnewsonline.com/contests/2026/npc_junior_usa/o94g/justin_kitchen,jrusa26_F_1_Justin_Kitchen.jpg,pending,black/dark navy [scored],navy (0.33),kmeans_v1 (62% family accuracy vs human reads - CALIBRATION NEEDED),solid + trim,human/vision scored (medium)
2026 NPC Junior USA,F,2,Lincon Perez,https://contests.npcnewsonline.com/contests/2026/npc_junior_usa/o94h/lincon_perez,jrusa26_F_2_Lincon_Perez.jpg,pending,brown (0.45),lavender (0.2),kmeans_v1 (62% family accuracy vs human reads - CALIBRATION NEEDED),,PENDING_REVIEW
2026 NPC Junior USA,F,3,Tremaine Grant,https://contests.npcnewsonline.com/contests/2026/npc_junior_usa/o94i/tremaine_grant,jrusa26_F_3_Tremaine_Grant.jpg,pending,navy (0.43),lavender (0.29),kmeans_v1 (62% family accuracy vs human reads - CALIBRATION NEEDED),,PENDING_REVIEW
2026 NPC Junior USA,F,4,Nyja Allen,https://contests.npcnewsonline.com/contests/2026/npc_junior_usa/o94j/nyja_allen,jrusa26_F_4_Nyja_Allen.jpg,pending,navy (0.3),white (0.24),kmeans_v1 (62% family accuracy vs human reads - CALIBRATION NEEDED),,PENDING_REVIEW
2026 NPC Junior USA,F,5,Brock Moore,https://contests.npcnewsonline.com/contests/2026/npc_junior_usa/o94k/brock_moore,jrusa26_F_5_Brock_Moore.jpg,pending,navy (0.31),lavender (0.28),kmeans_v1 (62% family accuracy vs human reads - CALIBRATION NEEDED),,PENDING_REVIEW
2025 NPC Nationals,A,1,Damante Watson,https://contests.npcnewsonline.com/contests/2025/npc_national_championships/nj8v/damante_watson,nats25_A_1_Damante_Watson.jpg,pending,black [scored],brown (0.31),kmeans_v1 (62% family accuracy vs human reads - CALIBRATION NEEDED),energy/element print,human/vision scored (high)
2025 NPC Nationals,A,2,Andre Batungbacal,https://contests.npcnewsonline.com/contests/2025/npc_national_championships/nj8u/andre_batungbacal,nats25_A_2_Andre_Batungbacal.jpg,pending,navy (0.36),gray (0.24),kmeans_v1 (62% family accuracy vs human reads - CALIBRATION NEEDED),,PENDING_REVIEW
2025 NPC Nationals,A,3,Dominic Lopez,https://contests.npcnewsonline.com/contests/2025/npc_national_championships/nj8m/dominic_lopez,nats25_A_3_Dominic_Lopez.jpg,pending,navy (0.42),lavender (0.26),kmeans_v1 (62% family accuracy vs human reads - CALIBRATION NEEDED),,PENDING_REVIEW
2025 NPC Nationals,A,4,Jorge Estevez,https://contests.npcnewsonline.com/contests/2025/npc_national_championships/nj8r/jorge_estevez,nats25_A_4_Jorge_Estevez.jpg,pending,navy (0.5),gray (0.25),kmeans_v1 (62% family accuracy vs human reads - CALIBRATION NEEDED),,PENDING_REVIEW
2025 NPC Nationals,A,5,Estephan Fernandez,https://contests.npcnewsonline.com/contests/2025/npc_national_championships/nj8q/estephan_fernandez,nats25_A_5_Estephan_Fernandez.jpg,pending,navy (0.34),gray (0.25),kmeans_v1 (62% family accuracy vs human reads - CALIBRATION NEEDED),,PENDING_REVIEW
2025 NPC Nationals,B,1,Alex Padron,https://contests.npcnewsonline.com/contests/2025/npc_national_championships/nja5/alex_padron,nats25_B_1_Alex_Padron.jpg,pending,maroon/burgundy [scored],gray (0.3),kmeans_v1 (62% family accuracy vs human reads - CALIBRATION NEEDED),color-block panels,human/vision scored (high)
2025 NPC Nationals,B,2,Barakat Altarawneh,https://contests.npcnewsonline.com/contests/2025/npc_national_championships/njaa/barakat_altarawneh,nats25_B_2_Barakat_Altarawneh.jpg,pending,navy (0.35),white (0.24),kmeans_v1 (62% family accuracy vs human reads - CALIBRATION NEEDED),,PENDING_REVIEW
2025 NPC Nationals,B,3,David Price,https://contests.npcnewsonline.com/contests/2025/npc_national_championships/nja6/david_price,nats25_B_3_David_Price.jpg,pending,gray (0.3),navy (0.3),kmeans_v1 (62% family accuracy vs human reads - CALIBRATION NEEDED),,PENDING_REVIEW
2025 NPC Nationals,B,4,Hisham Alsamarrai,https://contests.npcnewsonline.com/contests/2025/npc_national_championships/nja9/hisham_alsamarrai,nats25_B_4_Hisham_Alsamarrai.jpg,pending,gray (0.28),navy (0.26),kmeans_v1 (62% family accuracy vs human reads - CALIBRATION NEEDED),,PENDING_REVIEW
2025 NPC Nationals,B,5,Victor Gomes Escobar Souto,https://contests.npcnewsonline.com/contests/2025/npc_national_championships/nja4/victor_gomes_escobar_souto,nats25_B_5_Victor_Gomes_Escobar_Souto.jpg,pending,navy (0.5),gray (0.22),kmeans_v1 (62% family accuracy vs human reads - CALIBRATION NEEDED),,PENDING_REVIEW
2025 NPC Nationals,C,1,Mario Moedano,https://contests.npcnewsonline.com/contests/2025/npc_national_championships/nj8y/mario_moedano,nats25_C_1_Mario_Moedano.jpg,pending,black [scored],lavender (0.22),kmeans_v1 (62% family accuracy vs human reads - CALIBRATION NEEDED),color-block panels,human/vision scored (high)
2025 NPC Nationals,C,2,Natton Thongthipvoravong,https://contests.npcnewsonline.com/contests/2025/npc_national_championships/nj9a/natton_thongthipvoravong,nats25_C_2_Natton_Thongthipvoravong.jpg,pending,navy (0.48),gray (0.21),kmeans_v1 (62% family accuracy vs human reads - CALIBRATION NEEDED),,PENDING_REVIEW
2025 NPC Nationals,C,3,Joshua Caballero,https://contests.npcnewsonline.com/contests/2025/npc_national_championships/nj8z/joshua_caballero,nats25_C_3_Joshua_Caballero.jpg,pending,gray (0.32),lavender (0.29),kmeans_v1 (62% family accuracy vs human reads - CALIBRATION NEEDED),,PENDING_REVIEW
2025 NPC Nationals,C,4,Gerges Morkos,https://contests.npcnewsonline.com/contests/2025/npc_national_championships/nj97/gerges_morkos,nats25_C_4_Gerges_Morkos.jpg,pending,light blue (0.32),gray (0.24),kmeans_v1 (62% family accuracy vs human reads - CALIBRATION NEEDED),,PENDING_REVIEW
2025 NPC Nationals,C,5,Michael Fulton,https://contests.npcnewsonline.com/contests/2025/npc_national_championships/nj93/michael_fulton,nats25_C_5_Michael_Fulton.jpg,pending,light blue (0.31),purple (0.28),kmeans_v1 (62% family accuracy vs human reads - CALIBRATION NEEDED),,PENDING_REVIEW
2025 NPC Nationals,D,1,Roland Kerr,https://contests.npcnewsonline.com/contests/2025/npc_national_championships/njae/roland_kerr,nats25_D_1_Roland_Kerr.jpg,pending,black [scored],gray (0.25),kmeans_v1 (62% family accuracy vs human reads - CALIBRATION NEEDED),single large graphic,human/vision scored (high)
2025 NPC Nationals,D,2,Winceton Edwards,https://contests.npcnewsonline.com/contests/2025/npc_national_championships/njac/winceton_edwards,nats25_D_2_Winceton_Edwards.jpg,pending,navy (0.38),lavender (0.23),kmeans_v1 (62% family accuracy vs human reads - CALIBRATION NEEDED),,PENDING_REVIEW
2025 NPC Nationals,D,3,Kyle Mullen,https://contests.npcnewsonline.com/contests/2025/npc_national_championships/njah/kyle_mullen,nats25_D_3_Kyle_Mullen.jpg,pending,white (0.34),royal blue (0.26),kmeans_v1 (62% family accuracy vs human reads - CALIBRATION NEEDED),,PENDING_REVIEW
2025 NPC Nationals,D,4,Jose Marin,https://contests.npcnewsonline.com/contests/2025/npc_national_championships/njaf/jose_marin,nats25_D_4_Jose_Marin.jpg,pending,navy (0.38),gray (0.3),kmeans_v1 (62% family accuracy vs human reads - CALIBRATION NEEDED),,PENDING_REVIEW
2025 NPC Nationals,D,5,Mikhail Alekseev,https://contests.npcnewsonline.com/contests/2025/npc_national_championships/njag/mikhail_alekseev,nats25_D_5_Mikhail_Alekseev.jpg,pending,lavender (0.3),navy (0.24),kmeans_v1 (62% family accuracy vs human reads - CALIBRATION NEEDED),,PENDING_REVIEW
2025 NPC Nationals,E,1,Courtney Wright,https://contests.npcnewsonline.com/contests/2025/npc_national_championships/nj9y/courtney_wright,nats25_E_1_Courtney_Wright.jpg,pending,coral/red-orange [scored],maroon (0.15),kmeans_v1 (62% family accuracy vs human reads - CALIBRATION NEEDED),energy/element print,human/vision scored (high)
2025 NPC Nationals,E,2,Aundrew Grote,https://contests.npcnewsonline.com/contests/2025/npc_national_championships/nj9s/aundrew_grote,nats25_E_2_Aundrew_Grote.jpg,pending,navy (0.47),gray (0.24),kmeans_v1 (62% family accuracy vs human reads - CALIBRATION NEEDED),,PENDING_REVIEW
2025 NPC Nationals,E,3,Chiedozie Onyeagucha,https://contests.npcnewsonline.com/contests/2025/npc_national_championships/nj9v/chiedozie_onyeagucha,nats25_E_3_Chiedozie_Onyeagucha.jpg,pending,navy (0.29),lavender (0.26),kmeans_v1 (62% family accuracy vs human reads - CALIBRATION NEEDED),,PENDING_REVIEW
2025 NPC Nationals,E,4,Jeffery Samuels,https://contests.npcnewsonline.com/contests/2025/npc_national_championships/nj9p/jeffery_samuels,nats25_E_4_Jeffery_Samuels.jpg,pending,navy (0.36),lavender (0.27),kmeans_v1 (62% family accuracy vs human reads - CALIBRATION NEEDED),,PENDING_REVIEW
2025 NPC Nationals,E,5,Shaquille Coleman Coleman,https://contests.npcnewsonline.com/contests/2025/npc_national_championships/nj9r/shaquille_coleman_coleman,nats25_E_5_Shaquille_Coleman_Coleman.jpg,pending,gray (0.35),lavender (0.22),kmeans_v1 (62% family accuracy vs human reads - CALIBRATION NEEDED),,PENDING_REVIEW
2025 NPC Nationals,F,1,Damen Evans,https://contests.npcnewsonline.com/contests/2025/npc_national_championships/nj9e/damen_evans,nats25_F_1_Damen_Evans.jpg,pending,black [scored],lavender (0.25),kmeans_v1 (62% family accuracy vs human reads - CALIBRATION NEEDED),color-block panels,human/vision scored (medium)
2025 NPC Nationals,F,2,Roland Genesy,https://contests.npcnewsonline.com/contests/2025/npc_national_championships/nj9i/roland_genesy,nats25_F_2_Roland_Genesy.jpg,pending,brown (0.31),navy (0.3),kmeans_v1 (62% family accuracy vs human reads - CALIBRATION NEEDED),,PENDING_REVIEW
2025 NPC Nationals,F,3,Adwait Deshpande,https://contests.npcnewsonline.com/contests/2025/npc_national_championships/nj9h/adwait_deshpande,nats25_F_3_Adwait_Deshpande.jpg,pending,brown (0.32),black (0.32),kmeans_v1 (62% family accuracy vs human reads - CALIBRATION NEEDED),,PENDING_REVIEW
2025 NPC Nationals,F,4,Jake Collins,https://contests.npcnewsonline.com/contests/2025/npc_national_championships/nj7r/jake_collins,nats25_F_4_Jake_Collins.jpg,pending,navy (0.32),royal blue (0.25),kmeans_v1 (62% family accuracy vs human reads - CALIBRATION NEEDED),,PENDING_REVIEW
2025 NPC Nationals,F,5,Zachary Parsons,https://contests.npcnewsonline.com/contests/2025/npc_national_championships/nj9l/zachary_parsons,nats25_F_5_Zachary_Parsons.jpg,pending,gray (0.29),white (0.28),kmeans_v1 (62% family accuracy vs human reads - CALIBRATION NEEDED),,PENDING_REVIEW
2025 NPC Nationals,G,1,Steven Sooby,https://contests.npcnewsonline.com/contests/2025/npc_national_championships/njam/steven_sooby,nats25_G_1_Steven_Sooby.jpg,pending,pink-to-black gradient [scored],magenta (0.28),kmeans_v1 (62% family accuracy vs human reads - CALIBRATION NEEDED),energy/element print,human/vision scored (high)
2025 NPC Nationals,G,2,Mohamed Hassanin,https://contests.npcnewsonline.com/contests/2025/npc_national_championships/njbf/mohamed_hassanin,nats25_G_2_Mohamed_Hassanin.jpg,pending,navy (0.37),gray (0.24),kmeans_v1 (62% family accuracy vs human reads - CALIBRATION NEEDED),,PENDING_REVIEW
2025 NPC Nationals,G,3,Michael Arena,https://contests.npcnewsonline.com/contests/2025/npc_national_championships/njaj/michael_arena,nats25_G_3_Michael_Arena.jpg,pending,navy (0.39),brown (0.28),kmeans_v1 (62% family accuracy vs human reads - CALIBRATION NEEDED),,PENDING_REVIEW
2025 NPC Nationals,G,4,Michael Powers,https://contests.npcnewsonline.com/contests/2025/npc_national_championships/njal/michael_powers,nats25_G_4_Michael_Powers.jpg,pending,navy (0.4),lavender (0.22),kmeans_v1 (62% family accuracy vs human reads - CALIBRATION NEEDED),,PENDING_REVIEW
2025 NPC Nationals,G,5,Quinn Ottman,https://contests.npcnewsonline.com/contests/2025/npc_national_championships/njao/quinn_ottman,nats25_G_5_Quinn_Ottman.jpg,pending,white (0.34),navy (0.32),kmeans_v1 (62% family accuracy vs human reads - CALIBRATION NEEDED),,PENDING_REVIEW
2025 NPC Nationals,H,1,Jarmere Burnette,https://contests.npcnewsonline.com/contests/2025/npc_national_championships/njap/jarmere_burnette,nats25_H_1_Jarmere_Burnette.jpg,pending,black/charcoal [scored],royal blue (0.28),kmeans_v1 (62% family accuracy vs human reads - CALIBRATION NEEDED),solid + trim,human/vision scored (medium)
2025 NPC Nationals,H,2,Brandon Keener,https://contests.npcnewsonline.com/contests/2025/npc_national_championships/njaq/brandon_keener,nats25_H_2_Brandon_Keener.jpg,pending,gray (0.3),white (0.26),kmeans_v1 (62% family accuracy vs human reads - CALIBRATION NEEDED),,PENDING_REVIEW
2025 NPC Nationals,H,3,Jalen Harris,https://contests.npcnewsonline.com/contests/2025/npc_national_championships/njax/jalen_harris,nats25_H_3_Jalen_Harris.jpg,pending,navy (0.43),gray (0.22),kmeans_v1 (62% family accuracy vs human reads - CALIBRATION NEEDED),,PENDING_REVIEW
2025 NPC Nationals,H,4,Yurii Kliuts,https://contests.npcnewsonline.com/contests/2025/npc_national_championships/njaw/yurii_kliuts,nats25_H_4_Yurii_Kliuts.jpg,pending,white (0.3),navy (0.24),kmeans_v1 (62% family accuracy vs human reads - CALIBRATION NEEDED),,PENDING_REVIEW
2025 NPC Nationals,H,5,Junior Duran,https://contests.npcnewsonline.com/contests/2025/npc_national_championships/njb3/junior_duran,nats25_H_5_Junior_Duran.jpg,pending,navy (0.36),lavender (0.25),kmeans_v1 (62% family accuracy vs human reads - CALIBRATION NEEDED),,PENDING_REVIEW
2025 NPC North American,A,1,Joseph Misleh,https://contests.npcnewsonline.com/contests/2025/npc_north_american_championships/m68m/joseph_misleh,noram25_A_1_Joseph_Misleh.jpg,pending,green-to-white gradient [scored],navy (0.26),kmeans_v1 (62% family accuracy vs human reads - CALIBRATION NEEDED),energy/element print,human/vision scored (high)
2025 NPC North American,A,2,Brandon Chan,https://contests.npcnewsonline.com/contests/2025/npc_north_american_championships/m68j/brandon_chan,noram25_A_2_Brandon_Chan.jpg,pending,lavender (0.38),navy (0.23),kmeans_v1 (62% family accuracy vs human reads - CALIBRATION NEEDED),,PENDING_REVIEW
2025 NPC North American,A,3,Anthony Limcuando,https://contests.npcnewsonline.com/contests/2025/npc_north_american_championships/m68o/anthony_limcuando,noram25_A_3_Anthony_Limcuando.jpg,pending,lavender (0.44),white (0.22),kmeans_v1 (62% family accuracy vs human reads - CALIBRATION NEEDED),,PENDING_REVIEW
2025 NPC North American,A,4,Tyler De La Paz,https://contests.npcnewsonline.com/contests/2025/npc_north_american_championships/m68k/tyler_de_la_paz,noram25_A_4_Tyler_De_La_Paz.jpg,pending,lavender (0.47),navy (0.28),kmeans_v1 (62% family accuracy vs human reads - CALIBRATION NEEDED),,PENDING_REVIEW
2025 NPC North American,A,5,Rocco Giannelli,https://contests.npcnewsonline.com/contests/2025/npc_north_american_championships/m68n/rocco_giannelli,noram25_A_5_Rocco_Giannelli.jpg,pending,navy (0.43),gray (0.27),kmeans_v1 (62% family accuracy vs human reads - CALIBRATION NEEDED),,PENDING_REVIEW
2025 NPC North American,B,1,Christopher Eastman,https://contests.npcnewsonline.com/contests/2025/npc_north_american_championships/m693/christopher_eastman,noram25_B_1_Christopher_Eastman.jpg,pending,pink/magenta [scored],navy (0.24),kmeans_v1 (62% family accuracy vs human reads - CALIBRATION NEEDED),single large graphic,human/vision scored (medium)
2025 NPC North American,B,2,Jay Turiano,https://contests.npcnewsonline.com/contests/2025/npc_north_american_championships/m61i/jay_turiano,noram25_B_2_Jay_Turiano.jpg,pending,lavender (0.61),gray (0.15),kmeans_v1 (62% family accuracy vs human reads - CALIBRATION NEEDED),,PENDING_REVIEW
2025 NPC North American,B,3,Jorge Arias,https://contests.npcnewsonline.com/contests/2025/npc_north_american_championships/m68z/jorge_arias,noram25_B_3_Jorge_Arias.jpg,pending,gray (0.36),navy (0.26),kmeans_v1 (62% family accuracy vs human reads - CALIBRATION NEEDED),,PENDING_REVIEW
2025 NPC North American,B,4,Jeremy Correa,https://contests.npcnewsonline.com/contests/2025/npc_north_american_championships/m65n/jeremy_correa,noram25_B_4_Jeremy_Correa.jpg,pending,white (0.47),brown (0.32),kmeans_v1 (62% family accuracy vs human reads - CALIBRATION NEEDED),,PENDING_REVIEW
2025 NPC North American,B,5,Nicholas Romano,https://contests.npcnewsonline.com/contests/2025/npc_north_american_championships/m68y/nicholas_romano,noram25_B_5_Nicholas_Romano.jpg,pending,navy (0.54),gray (0.23),kmeans_v1 (62% family accuracy vs human reads - CALIBRATION NEEDED),,PENDING_REVIEW
2025 NPC North American,C,1,Nicolas Thibault,https://contests.npcnewsonline.com/contests/2025/npc_north_american_championships/m69c/nicolas_thibault,noram25_C_1_Nicolas_Thibault.jpg,pending,royal blue [scored],navy (0.28),kmeans_v1 (62% family accuracy vs human reads - CALIBRATION NEEDED),energy/element print,human/vision scored (high)
2025 NPC North American,C,2,Evin Yarbrough,https://contests.npcnewsonline.com/contests/2025/npc_north_american_championships/m677/evin_yarbrough,noram25_C_2_Evin_Yarbrough.jpg,pending,lavender (0.47),navy (0.25),kmeans_v1 (62% family accuracy vs human reads - CALIBRATION NEEDED),,PENDING_REVIEW
2025 NPC North American,C,3,Rodney Taylor,https://contests.npcnewsonline.com/contests/2025/npc_north_american_championships/m698/rodney_taylor,noram25_C_3_Rodney_Taylor.jpg,pending,lavender (0.44),gray (0.28),kmeans_v1 (62% family accuracy vs human reads - CALIBRATION NEEDED),,PENDING_REVIEW
2025 NPC North American,C,4,Kenny Whiting,https://contests.npcnewsonline.com/contests/2025/npc_north_american_championships/m69d/kenny_whiting,noram25_C_4_Kenny_Whiting.jpg,pending,lavender (0.39),white (0.3),kmeans_v1 (62% family accuracy vs human reads - CALIBRATION NEEDED),,PENDING_REVIEW
2025 NPC North American,C,5,Roberto Franzoni,https://contests.npcnewsonline.com/contests/2025/npc_north_american_championships/m61u/roberto_franzoni,noram25_C_5_Roberto_Franzoni.jpg,pending,lavender (0.55),brown (0.19),kmeans_v1 (62% family accuracy vs human reads - CALIBRATION NEEDED),,PENDING_REVIEW
2025 NPC North American,D,1,Kevin Cortes,https://contests.npcnewsonline.com/contests/2025/npc_north_american_championships/m6a5/kevin_cortes,noram25_D_1_Kevin_Cortes.jpg,pending,black/charcoal [scored],navy (0.31),kmeans_v1 (62% family accuracy vs human reads - CALIBRATION NEEDED),solid + trim,human/vision scored (medium)
2025 NPC North American,D,2,Louka Raymond Campeau,https://contests.npcnewsonline.com/contests/2025/npc_north_american_championships/m637/louka_raymond_campeau,noram25_D_2_Louka_Raymond_Campeau.jpg,pending,lavender (0.52),navy (0.2),kmeans_v1 (62% family accuracy vs human reads - CALIBRATION NEEDED),,PENDING_REVIEW
2025 NPC North American,D,3,Darran Moore,https://contests.npcnewsonline.com/contests/2025/npc_north_american_championships/m67r/darran_moore,noram25_D_3_Darran_Moore.jpg,pending,white (0.39),brown (0.15),kmeans_v1 (62% family accuracy vs human reads - CALIBRATION NEEDED),,PENDING_REVIEW
2025 NPC North American,D,4,Corbin Bennett-Rogers,https://contests.npcnewsonline.com/contests/2025/npc_north_american_championships/m675/corbin_bennettrogers,noram25_D_4_Corbin_Bennett-Rogers.jpg,pending,white (0.49),brown (0.18),kmeans_v1 (62% family accuracy vs human reads - CALIBRATION NEEDED),,PENDING_REVIEW
2025 NPC North American,D,5,Jose Marin,https://contests.npcnewsonline.com/contests/2025/npc_north_american_championships/m6a1/jose_marin,noram25_D_5_Jose_Marin.jpg,pending,navy (0.45),lavender (0.33),kmeans_v1 (62% family accuracy vs human reads - CALIBRATION NEEDED),,PENDING_REVIEW
2025 NPC North American,E,1,Jona Meme,https://contests.npcnewsonline.com/contests/2025/npc_north_american_championships/m69m/jona_meme,noram25_E_1_Jona_Meme.jpg,pending,orange/coral [scored],brown (0.22),kmeans_v1 (62% family accuracy vs human reads - CALIBRATION NEEDED),color-block panels,human/vision scored (medium)
2025 NPC North American,E,2,Zine Eddine Khermaza,https://contests.npcnewsonline.com/contests/2025/npc_north_american_championships/m67s/zine_eddine_khermaza,noram25_E_2_Zine_Eddine_Khermaza.jpg,pending,white (0.33),lavender (0.33),kmeans_v1 (62% family accuracy vs human reads - CALIBRATION NEEDED),,PENDING_REVIEW
2025 NPC North American,E,3,Brady Hawk,https://contests.npcnewsonline.com/contests/2025/npc_north_american_championships/m69n/brady_hawk,noram25_E_3_Brady_Hawk.jpg,pending,lavender (0.43),white (0.26),kmeans_v1 (62% family accuracy vs human reads - CALIBRATION NEEDED),,PENDING_REVIEW
2025 NPC North American,E,4,Lynard Seabron Jr,https://contests.npcnewsonline.com/contests/2025/npc_north_american_championships/m67q/lynard_seabron_jr,noram25_E_4_Lynard_Seabron_Jr.jpg,pending,lavender (0.34),gray (0.25),kmeans_v1 (62% family accuracy vs human reads - CALIBRATION NEEDED),,PENDING_REVIEW
2025 NPC North American,E,5,Julian Garcia,https://contests.npcnewsonline.com/contests/2025/npc_north_american_championships/m681/julian_garcia,noram25_E_5_Julian_Garcia.jpg,pending,navy (0.44),lavender (0.39),kmeans_v1 (62% family accuracy vs human reads - CALIBRATION NEEDED),,PENDING_REVIEW
2025 NPC North American,F,1,Devin Christiansen,https://contests.npcnewsonline.com/contests/2025/npc_north_american_championships/m67j/devin_christiansen,noram25_F_1_Devin_Christiansen.jpg,pending,black [scored],brown (0.23),kmeans_v1 (62% family accuracy vs human reads - CALIBRATION NEEDED),energy/element print,human/vision scored (high)
2025 NPC North American,F,2,Stone Moses,https://contests.npcnewsonline.com/contests/2025/npc_north_american_championships/m631/stone_moses,noram25_F_2_Stone_Moses.jpg,pending,lavender (0.61),gray (0.16),kmeans_v1 (62% family accuracy vs human reads - CALIBRATION NEEDED),,PENDING_REVIEW
2025 NPC North American,F,3,Jonathan Roberts,https://contests.npcnewsonline.com/contests/2025/npc_north_american_championships/m67k/jonathan_roberts,noram25_F_3_Jonathan_Roberts.jpg,pending,white (0.39),lavender (0.36),kmeans_v1 (62% family accuracy vs human reads - CALIBRATION NEEDED),,PENDING_REVIEW
2025 NPC North American,F,4,Mika Edwards,https://contests.npcnewsonline.com/contests/2025/npc_north_american_championships/m67i/mika_edwards,noram25_F_4_Mika_Edwards.jpg,pending,lavender (0.41),navy (0.26),kmeans_v1 (62% family accuracy vs human reads - CALIBRATION NEEDED),,PENDING_REVIEW
2025 NPC North American,F,5,Byron Moody,https://contests.npcnewsonline.com/contests/2025/npc_north_american_championships/m66h/byron_moody,noram25_F_5_Byron_Moody.jpg,pending,navy (0.44),lavender (0.36),kmeans_v1 (62% family accuracy vs human reads - CALIBRATION NEEDED),,PENDING_REVIEW
2025 NPC North American,G,1,Anton Wallace Jr,https://contests.npcnewsonline.com/contests/2025/npc_north_american_championships/m6cb/anton_wallace_jr,noram25_G_1_Anton_Wallace_Jr.jpg,pending,gray/charcoal [scored],gray (0.23),kmeans_v1 (62% family accuracy vs human reads - CALIBRATION NEEDED),solid + trim,human/vision scored (medium)
2025 NPC North American,G,2,Wes Patterson,https://contests.npcnewsonline.com/contests/2025/npc_north_american_championships/m68c/wes_patterson,noram25_G_2_Wes_Patterson.jpg,pending,white (0.34),brown (0.32),kmeans_v1 (62% family accuracy vs human reads - CALIBRATION NEEDED),,PENDING_REVIEW
2025 NPC North American,G,3,Mike Mcclain,https://contests.npcnewsonline.com/contests/2025/npc_north_american_championships/m6c8/mike_mcclain,noram25_G_3_Mike_Mcclain.jpg,pending,white (0.5),lavender (0.2),kmeans_v1 (62% family accuracy vs human reads - CALIBRATION NEEDED),,PENDING_REVIEW
2025 NPC North American,G,4,Jack Mcmahon,https://contests.npcnewsonline.com/contests/2025/npc_north_american_championships/m6ca/jack_mcmahon,noram25_G_4_Jack_Mcmahon.jpg,pending,navy (0.27),white (0.27),kmeans_v1 (62% family accuracy vs human reads - CALIBRATION NEEDED),,PENDING_REVIEW
2025 NPC North American,G,5,Cyril Matswetu,https://contests.npcnewsonline.com/contests/2025/npc_north_american_championships/m68b/cyril_matswetu,noram25_G_5_Cyril_Matswetu.jpg,pending,lavender (0.41),navy (0.27),kmeans_v1 (62% family accuracy vs human reads - CALIBRATION NEEDED),,PENDING_REVIEW
2025 NPC North American,H,1,Daniel Adesina,https://contests.npcnewsonline.com/contests/2025/npc_north_american_championships/m6ba/daniel_adesina,noram25_H_1_Daniel_Adesina.jpg,pending,dark gray/charcoal [scored],gray (0.28),kmeans_v1 (62% family accuracy vs human reads - CALIBRATION NEEDED),single large graphic,human/vision scored (high)
2025 NPC North American,H,2,Anthony Carvill,https://contests.npcnewsonline.com/contests/2025/npc_north_american_championships/m6bc/anthony_carvill,noram25_H_2_Anthony_Carvill.jpg,pending,navy (0.34),lavender (0.31),kmeans_v1 (62% family accuracy vs human reads - CALIBRATION NEEDED),,PENDING_REVIEW
2025 NPC North American,H,3,Alexander Allen,https://contests.npcnewsonline.com/contests/2025/npc_north_american_championships/m689/alexander_allen,noram25_H_3_Alexander_Allen.jpg,pending,navy (0.42),lavender (0.32),kmeans_v1 (62% family accuracy vs human reads - CALIBRATION NEEDED),,PENDING_REVIEW
2025 NPC North American,H,4,Matt Cone,https://contests.npcnewsonline.com/contests/2025/npc_north_american_championships/m6au/matt_cone,noram25_H_4_Matt_Cone.jpg,pending,lavender (0.43),navy (0.34),kmeans_v1 (62% family accuracy vs human reads - CALIBRATION NEEDED),,PENDING_REVIEW
2025 NPC North American,H,5,Elijah White,https://contests.npcnewsonline.com/contests/2025/npc_north_american_championships/m6bd/elijah_white,noram25_H_5_Elijah_White.jpg,pending,white (0.35),brown (0.26),kmeans_v1 (62% family accuracy vs human reads - CALIBRATION NEEDED),,PENDING_REVIEW
2025 NPC USA Championships,A,1,Micah Welch,https://contests.npcnewsonline.com/contests/2025/npc_usa_championships/lv5w/micah_welch,usa25_A_1_Micah_Welch.jpg,pending,black [scored],royal blue (0.19),kmeans_v1 (62% family accuracy vs human reads - CALIBRATION NEEDED),solid + trim,human/vision scored (medium)
2025 NPC USA Championships,A,2,Paolo Esteban,https://contests.npcnewsonline.com/contests/2025/npc_usa_championships/lv5n/paolo_esteban,usa25_A_2_Paolo_Esteban.jpg,pending,navy (0.38),royal blue (0.25),kmeans_v1 (62% family accuracy vs human reads - CALIBRATION NEEDED),,PENDING_REVIEW
2025 NPC USA Championships,A,3,Ghibrian Avila,https://contests.npcnewsonline.com/contests/2025/npc_usa_championships/lv5m/ghibrian_avila,usa25_A_3_Ghibrian_Avila.jpg,pending,black (0.32),light blue (0.25),kmeans_v1 (62% family accuracy vs human reads - CALIBRATION NEEDED),,PENDING_REVIEW
2025 NPC USA Championships,A,4,Sande Flores,https://contests.npcnewsonline.com/contests/2025/npc_usa_championships/lv5o/sande_flores,usa25_A_4_Sande_Flores.jpg,pending,navy (0.31),gray (0.25),kmeans_v1 (62% family accuracy vs human reads - CALIBRATION NEEDED),,PENDING_REVIEW
2025 NPC USA Championships,A,5,Jose Rosas,https://contests.npcnewsonline.com/contests/2025/npc_usa_championships/lv5u/jose_rosas,usa25_A_5_Jose_Rosas.jpg,pending,navy (0.39),light blue (0.21),kmeans_v1 (62% family accuracy vs human reads - CALIBRATION NEEDED),,PENDING_REVIEW
2025 NPC USA Championships,B,1,Kentron Ducree,https://contests.npcnewsonline.com/contests/2025/npc_usa_championships/lv5y/kentron_ducree,usa25_B_1_Kentron_Ducree.jpg,pending,black (0.38),light blue (0.22),kmeans_v1 (62% family accuracy vs human reads - CALIBRATION NEEDED),,PENDING_REVIEW
2025 NPC USA Championships,B,2,Desergio Anthony,https://contests.npcnewsonline.com/contests/2025/npc_usa_championships/lv65/desergio_anthony,usa25_B_2_Desergio_Anthony.jpg,pending,black (0.39),light blue (0.24),kmeans_v1 (62% family accuracy vs human reads - CALIBRATION NEEDED),,PENDING_REVIEW
2025 NPC USA Championships,B,3,Anthony Limcuando,https://contests.npcnewsonline.com/contests/2025/npc_usa_championships/lv38/anthony_limcuando,usa25_B_3_Anthony_Limcuando.jpg,pending,navy (0.28),white (0.28),kmeans_v1 (62% family accuracy vs human reads - CALIBRATION NEEDED),,PENDING_REVIEW
2025 NPC USA Championships,B,4,Victor Souto,https://contests.npcnewsonline.com/contests/2025/npc_usa_championships/lv60/victor_souto,usa25_B_4_Victor_Souto.jpg,pending,navy (0.34),white (0.33),kmeans_v1 (62% family accuracy vs human reads - CALIBRATION NEEDED),,PENDING_REVIEW
2025 NPC USA Championships,B,5,Henry Mestaz,https://contests.npcnewsonline.com/contests/2025/npc_usa_championships/lv63/henry_mestaz,usa25_B_5_Henry_Mestaz.jpg,pending,navy (0.42),gray (0.25),kmeans_v1 (62% family accuracy vs human reads - CALIBRATION NEEDED),,PENDING_REVIEW
2025 NPC USA Championships,C,1,Diego Meza,https://contests.npcnewsonline.com/contests/2025/npc_usa_championships/lv81/diego_meza,usa25_C_1_Diego_Meza.jpg,pending,navy (0.43),light blue (0.21),kmeans_v1 (62% family accuracy vs human reads - CALIBRATION NEEDED),,PENDING_REVIEW
2025 NPC USA Championships,C,2,Ricky Betancourth,https://contests.npcnewsonline.com/contests/2025/npc_usa_championships/lv7v/ricky_betancourth,usa25_C_2_Ricky_Betancourth.jpg,pending,black (0.44),white (0.19),kmeans_v1 (62% family accuracy vs human reads - CALIBRATION NEEDED),,PENDING_REVIEW
2025 NPC USA Championships,C,3,Adriano Souza,https://contests.npcnewsonline.com/contests/2025/npc_usa_championships/lv88/adriano_souza,usa25_C_3_Adriano_Souza.jpg,pending,navy (0.37),white (0.26),kmeans_v1 (62% family accuracy vs human reads - CALIBRATION NEEDED),,PENDING_REVIEW
2025 NPC USA Championships,C,4,Malcolm Bryson,https://contests.npcnewsonline.com/contests/2025/npc_usa_championships/lv86/malcolm_bryson,usa25_C_4_Malcolm_Bryson.jpg,pending,navy (0.3),white (0.24),kmeans_v1 (62% family accuracy vs human reads - CALIBRATION NEEDED),,PENDING_REVIEW
2025 NPC USA Championships,C,5,Kenny Whiting,https://contests.npcnewsonline.com/contests/2025/npc_usa_championships/lv87/kenny_whiting,usa25_C_5_Kenny_Whiting.jpg,pending,white (0.33),black (0.27),kmeans_v1 (62% family accuracy vs human reads - CALIBRATION NEEDED),,PENDING_REVIEW
2025 NPC USA Championships,D,1,Ricky Torres,https://contests.npcnewsonline.com/contests/2025/npc_usa_championships/lv6j/ricky_torres,usa25_D_1_Ricky_Torres.jpg,pending,royal blue (0.29),navy (0.25),kmeans_v1 (62% family accuracy vs human reads - CALIBRATION NEEDED),,PENDING_REVIEW
2025 NPC USA Championships,D,2,Ed Elysee,https://contests.npcnewsonline.com/contests/2025/npc_usa_championships/lv48/ed_elysee,usa25_D_2_Ed_Elysee.jpg,pending,black (0.35),white (0.26),kmeans_v1 (62% family accuracy vs human reads - CALIBRATION NEEDED),,PENDING_REVIEW
2025 NPC USA Championships,D,3,Jeffery Samuels,https://contests.npcnewsonline.com/contests/2025/npc_usa_championships/lv6o/jeffery_samuels,usa25_D_3_Jeffery_Samuels.jpg,pending,white (0.28),navy (0.28),kmeans_v1 (62% family accuracy vs human reads - CALIBRATION NEEDED),,PENDING_REVIEW
2025 NPC USA Championships,D,4,Jose Marin,https://contests.npcnewsonline.com/contests/2025/npc_usa_championships/lv6m/jose_marin,usa25_D_4_Jose_Marin.jpg,pending,navy (0.42),gray (0.24),kmeans_v1 (62% family accuracy vs human reads - CALIBRATION NEEDED),,PENDING_REVIEW
2025 NPC USA Championships,D,5,Nathan Linenberger,https://contests.npcnewsonline.com/contests/2025/npc_usa_championships/lv6l/nathan_linenberger,usa25_D_5_Nathan_Linenberger.jpg,pending,black (0.39),white (0.24),kmeans_v1 (62% family accuracy vs human reads - CALIBRATION NEEDED),,PENDING_REVIEW
2025 NPC USA Championships,E,1,Jalen Fray,https://contests.npcnewsonline.com/contests/2025/npc_usa_championships/lv8a/jalen_fray,usa25_E_1_Jalen_Fray.jpg,pending,navy (0.47),gray (0.22),kmeans_v1 (62% family accuracy vs human reads - CALIBRATION NEEDED),,PENDING_REVIEW
2025 NPC USA Championships,E,2,Davyon Langham,https://contests.npcnewsonline.com/contests/2025/npc_usa_championships/lv8g/davyon_langham,usa25_E_2_Davyon_Langham.jpg,pending,black (0.42),gray (0.2),kmeans_v1 (62% family accuracy vs human reads - CALIBRATION NEEDED),,PENDING_REVIEW
2025 NPC USA Championships,E,3,Sebastian Garcia,https://contests.npcnewsonline.com/contests/2025/npc_usa_championships/lv8d/sebastian_garcia,usa25_E_3_Sebastian_Garcia.jpg,pending,navy (0.41),light blue (0.25),kmeans_v1 (62% family accuracy vs human reads - CALIBRATION NEEDED),,PENDING_REVIEW
2025 NPC USA Championships,E,4,Leebrian Walker,https://contests.npcnewsonline.com/contests/2025/npc_usa_championships/lv8k/leebrian_walker,usa25_E_4_Leebrian_Walker.jpg,pending,black (0.43),light blue (0.22),kmeans_v1 (62% family accuracy vs human reads - CALIBRATION NEEDED),,PENDING_REVIEW
2025 NPC USA Championships,E,5,Jhonattan Santelises,https://contests.npcnewsonline.com/contests/2025/npc_usa_championships/lv8i/jhonattan_santelises,usa25_E_5_Jhonattan_Santelises.jpg,pending,navy (0.31),gray (0.27),kmeans_v1 (62% family accuracy vs human reads - CALIBRATION NEEDED),,PENDING_REVIEW
2025 NPC USA Championships,F,1,Lucas Santos Da Silva,https://contests.npcnewsonline.com/contests/2025/npc_usa_championships/lv6t/lucas_santos_da_silva,usa25_F_1_Lucas_Santos_Da_Silva.jpg,pending,navy (0.32),white (0.25),kmeans_v1 (62% family accuracy vs human reads - CALIBRATION NEEDED),,PENDING_REVIEW
2025 NPC USA Championships,F,2,Trevor Davis,https://contests.npcnewsonline.com/contests/2025/npc_usa_championships/lv70/trevor_davis,usa25_F_2_Trevor_Davis.jpg,pending,navy (0.35),light blue (0.3),kmeans_v1 (62% family accuracy vs human reads - CALIBRATION NEEDED),,PENDING_REVIEW
2025 NPC USA Championships,F,3,Tristen Phemister,https://contests.npcnewsonline.com/contests/2025/npc_usa_championships/lv6x/tristen_phemister,usa25_F_3_Tristen_Phemister.jpg,pending,navy (0.48),light blue (0.18),kmeans_v1 (62% family accuracy vs human reads - CALIBRATION NEEDED),,PENDING_REVIEW
2025 NPC USA Championships,F,4,Tanarat Crowe,https://contests.npcnewsonline.com/contests/2025/npc_usa_championships/lv4v/tanarat_crowe,usa25_F_4_Tanarat_Crowe.jpg,pending,navy (0.34),white (0.25),kmeans_v1 (62% family accuracy vs human reads - CALIBRATION NEEDED),,PENDING_REVIEW
2025 NPC USA Championships,F,5,Takato Morino,https://contests.npcnewsonline.com/contests/2025/npc_usa_championships/lv6w/takato_morino,usa25_F_5_Takato_Morino.jpg,pending,navy (0.36),white (0.28),kmeans_v1 (62% family accuracy vs human reads - CALIBRATION NEEDED),,PENDING_REVIEW
2025 NPC USA Championships,G,1,Maksym Shevelin,https://contests.npcnewsonline.com/contests/2025/npc_usa_championships/lv7q/maksym_shevelin,usa25_G_1_Maksym_Shevelin.jpg,pending,navy (0.38),gray (0.29),kmeans_v1 (62% family accuracy vs human reads - CALIBRATION NEEDED),,PENDING_REVIEW
2025 NPC USA Championships,G,2,Flash Thompson,https://contests.npcnewsonline.com/contests/2025/npc_usa_championships/lv7s/flash_thompson,usa25_G_2_Flash_Thompson.jpg,pending,black (0.36),brown (0.23),kmeans_v1 (62% family accuracy vs human reads - CALIBRATION NEEDED),,PENDING_REVIEW
2025 NPC USA Championships,G,3,Yifan Hu,https://contests.npcnewsonline.com/contests/2025/npc_usa_championships/lv7o/yifan_hu,usa25_G_3_Yifan_Hu.jpg,pending,navy (0.44),lavender (0.21),kmeans_v1 (62% family accuracy vs human reads - CALIBRATION NEEDED),,PENDING_REVIEW
2025 NPC USA Championships,G,4,Jonathan Roberts,https://contests.npcnewsonline.com/contests/2025/npc_usa_championships/lv7p/jonathan_roberts,usa25_G_4_Jonathan_Roberts.jpg,pending,black (0.42),white (0.24),kmeans_v1 (62% family accuracy vs human reads - CALIBRATION NEEDED),,PENDING_REVIEW
2025 NPC USA Championships,G,5,Kawika Cecil,https://contests.npcnewsonline.com/contests/2025/npc_usa_championships/lv7n/kawika_cecil,usa25_G_5_Kawika_Cecil.jpg,pending,navy (0.38),lavender (0.21),kmeans_v1 (62% family accuracy vs human reads - CALIBRATION NEEDED),,PENDING_REVIEW
2025 NPC USA Championships,H,1,Damien Bentley,https://contests.npcnewsonline.com/contests/2025/npc_usa_championships/lv5h/damien_bentley,usa25_H_1_Damien_Bentley.jpg,pending,black (0.39),light blue (0.26),kmeans_v1 (62% family accuracy vs human reads - CALIBRATION NEEDED),,PENDING_REVIEW
2025 NPC USA Championships,H,2,Jabe Martin,https://contests.npcnewsonline.com/contests/2025/npc_usa_championships/lv79/jabe_martin,usa25_H_2_Jabe_Martin.jpg,pending,black (0.35),white (0.24),kmeans_v1 (62% family accuracy vs human reads - CALIBRATION NEEDED),,PENDING_REVIEW
2025 NPC USA Championships,H,3,Calvin Sims Jr,https://contests.npcnewsonline.com/contests/2025/npc_usa_championships/lv76/calvin_sims_jr,usa25_H_3_Calvin_Sims_Jr.jpg,pending,white (0.31),navy (0.29),kmeans_v1 (62% family accuracy vs human reads - CALIBRATION NEEDED),,PENDING_REVIEW
2025 NPC USA Championships,H,4,Brady Roberts,https://contests.npcnewsonline.com/contests/2025/npc_usa_championships/lv77/brady_roberts,usa25_H_4_Brady_Roberts.jpg,pending,navy (0.31),light blue (0.23),kmeans_v1 (62% family accuracy vs human reads - CALIBRATION NEEDED),,PENDING_REVIEW
2025 NPC USA Championships,H,5,Nyja Allen,https://contests.npcnewsonline.com/contests/2025/npc_usa_championships/lv7e/nyja_allen,usa25_H_5_Nyja_Allen.jpg,pending,navy (0.33),white (0.23),kmeans_v1 (62% family accuracy vs human reads - CALIBRATION NEEDED),,PENDING_REVIEW
2025 NPC Universe,A,1,Deontay Crawford,https://contests.npcnewsonline.com/contests/2025/npc_universe/lmvr/deontay_crawford,univ25_A_1_Deontay_Crawford.jpg,pending,gray (0.6),navy (0.21),kmeans_v1 (62% family accuracy vs human reads - CALIBRATION NEEDED),,PENDING_REVIEW
2025 NPC Universe,A,2,Bartarius Gramling,https://contests.npcnewsonline.com/contests/2025/npc_universe/lmvo/bartarius_gramling,univ25_A_2_Bartarius_Gramling.jpg,pending,gray (0.44),light blue (0.25),kmeans_v1 (62% family accuracy vs human reads - CALIBRATION NEEDED),,PENDING_REVIEW
2025 NPC Universe,A,3,Damante Watson,https://contests.npcnewsonline.com/contests/2025/npc_universe/lmvj/damante_watson,univ25_A_3_Damante_Watson.jpg,pending,gray (0.53),navy (0.32),kmeans_v1 (62% family accuracy vs human reads - CALIBRATION NEEDED),,PENDING_REVIEW
2025 NPC Universe,A,4,Jared Mincey,https://contests.npcnewsonline.com/contests/2025/npc_universe/lmvl/jared_mincey,univ25_A_4_Jared_Mincey.jpg,pending,navy (0.36),gray (0.34),kmeans_v1 (62% family accuracy vs human reads - CALIBRATION NEEDED),,PENDING_REVIEW
2025 NPC Universe,A,5,Jose Hernandez,https://contests.npcnewsonline.com/contests/2025/npc_universe/lmvc/jose_hernandez,univ25_A_5_Jose_Hernandez.jpg,pending,gray (0.56),navy (0.29),kmeans_v1 (62% family accuracy vs human reads - CALIBRATION NEEDED),,PENDING_REVIEW
2025 NPC Universe,B,1,Vincent Davenport,https://contests.npcnewsonline.com/contests/2025/npc_universe/lmwc/vincent_davenport,univ25_B_1_Vincent_Davenport.jpg,pending,gray (0.53),navy (0.35),kmeans_v1 (62% family accuracy vs human reads - CALIBRATION NEEDED),,PENDING_REVIEW
2025 NPC Universe,B,2,Wilfredo Nazario Feliciano,https://contests.npcnewsonline.com/contests/2025/npc_universe/lmwe/wilfredo_nazario_feliciano,univ25_B_2_Wilfredo_Nazario_Feliciano.jpg,pending,gray (0.59),white (0.21),kmeans_v1 (62% family accuracy vs human reads - CALIBRATION NEEDED),,PENDING_REVIEW
2025 NPC Universe,B,3,David Price,https://contests.npcnewsonline.com/contests/2025/npc_universe/lmwf/david_price,univ25_B_3_David_Price.jpg,pending,gray (0.63),navy (0.27),kmeans_v1 (62% family accuracy vs human reads - CALIBRATION NEEDED),,PENDING_REVIEW
2025 NPC Universe,B,4,Robert Estevez,https://contests.npcnewsonline.com/contests/2025/npc_universe/lmw8/robert_estevez,univ25_B_4_Robert_Estevez.jpg,pending,gray (0.47),navy (0.28),kmeans_v1 (62% family accuracy vs human reads - CALIBRATION NEEDED),,PENDING_REVIEW
2025 NPC Universe,B,5,Ivo Toledo,https://contests.npcnewsonline.com/contests/2025/npc_universe/lmwg/ivo_toledo,univ25_B_5_Ivo_Toledo.jpg,pending,gray (0.48),light blue (0.22),kmeans_v1 (62% family accuracy vs human reads - CALIBRATION NEEDED),,PENDING_REVIEW
2025 NPC Universe,C,1,Ramir Kelly,https://contests.npcnewsonline.com/contests/2025/npc_universe/lmyh/ramir_kelly,univ25_C_1_Ramir_Kelly.jpg,pending,gray (0.62),navy (0.23),kmeans_v1 (62% family accuracy vs human reads - CALIBRATION NEEDED),,PENDING_REVIEW
2025 NPC Universe,C,2,Judge Love,https://contests.npcnewsonline.com/contests/2025/npc_universe/lmw5/judge_love,univ25_C_2_Judge_Love.jpg,pending,gray (0.38),black (0.37),kmeans_v1 (62% family accuracy vs human reads - CALIBRATION NEEDED),,PENDING_REVIEW
2025 NPC Universe,C,3,Dylan Faria,https://contests.npcnewsonline.com/contests/2025/npc_universe/lmye/dylan_faria,univ25_C_3_Dylan_Faria.jpg,pending,gray (0.65),navy (0.14),kmeans_v1 (62% family accuracy vs human reads - CALIBRATION NEEDED),,PENDING_REVIEW
2025 NPC Universe,C,4,Daniel Light,https://contests.npcnewsonline.com/contests/2025/npc_universe/lmyi/daniel_light,univ25_C_4_Daniel_Light.jpg,pending,gray (0.68),navy (0.14),kmeans_v1 (62% family accuracy vs human reads - CALIBRATION NEEDED),,PENDING_REVIEW
2025 NPC Universe,C,5,Donald Beckwith,https://contests.npcnewsonline.com/contests/2025/npc_universe/lmuy/donald_beckwith,univ25_C_5_Donald_Beckwith.jpg,pending,gray (0.57),light blue (0.17),kmeans_v1 (62% family accuracy vs human reads - CALIBRATION NEEDED),,PENDING_REVIEW
2025 NPC Universe,D,1,Alex Gaulke,https://contests.npcnewsonline.com/contests/2025/npc_universe/lmuc/alex_gaulke,univ25_D_1_Alex_Gaulke.jpg,pending,gray (0.55),white (0.2),kmeans_v1 (62% family accuracy vs human reads - CALIBRATION NEEDED),,PENDING_REVIEW
2025 NPC Universe,D,2,Andrew Ames,https://contests.npcnewsonline.com/contests/2025/npc_universe/lmup/andrew_ames,univ25_D_2_Andrew_Ames.jpg,pending,gray (0.51),navy (0.28),kmeans_v1 (62% family accuracy vs human reads - CALIBRATION NEEDED),,PENDING_REVIEW
2025 NPC Universe,D,3,Jonathan Mercado,https://contests.npcnewsonline.com/contests/2025/npc_universe/lmui/jonathan_mercado,univ25_D_3_Jonathan_Mercado.jpg,pending,gray (0.57),navy (0.22),kmeans_v1 (62% family accuracy vs human reads - CALIBRATION NEEDED),,PENDING_REVIEW
2025 NPC Universe,D,4,Bryan Uth,https://contests.npcnewsonline.com/contests/2025/npc_universe/lmug/bryan_uth,univ25_D_4_Bryan_Uth.jpg,pending,gray (0.55),black (0.28),kmeans_v1 (62% family accuracy vs human reads - CALIBRATION NEEDED),,PENDING_REVIEW
2025 NPC Universe,D,5,Ed Elysee,https://contests.npcnewsonline.com/contests/2025/npc_universe/lmuj/ed_elysee,univ25_D_5_Ed_Elysee.jpg,pending,gray (0.57),navy (0.22),kmeans_v1 (62% family accuracy vs human reads - CALIBRATION NEEDED),,PENDING_REVIEW
2025 NPC Universe,E,1,Will Anderson,https://contests.npcnewsonline.com/contests/2025/npc_universe/lmy6/will_anderson,univ25_E_1_Will_Anderson.jpg,pending,gray (0.59),white (0.21),kmeans_v1 (62% family accuracy vs human reads - CALIBRATION NEEDED),,PENDING_REVIEW
2025 NPC Universe,E,2,Taylor Southall,https://contests.npcnewsonline.com/contests/2025/npc_universe/lmya/taylor_southall,univ25_E_2_Taylor_Southall.jpg,pending,brown (0.41),navy (0.36),kmeans_v1 (62% family accuracy vs human reads - CALIBRATION NEEDED),,PENDING_REVIEW
2025 NPC Universe,E,3,Jhonattan Santelises,https://contests.npcnewsonline.com/contests/2025/npc_universe/lmy8/jhonattan_santelises,univ25_E_3_Jhonattan_Santelises.jpg,pending,gray (0.63),white (0.14),kmeans_v1 (62% family accuracy vs human reads - CALIBRATION NEEDED),,PENDING_REVIEW
2025 NPC Universe,E,4,Louis McGloine,https://contests.npcnewsonline.com/contests/2025/npc_universe/lmx9/louis_mcgloine,univ25_E_4_Louis_McGloine.jpg,pending,gray (0.49),navy (0.23),kmeans_v1 (62% family accuracy vs human reads - CALIBRATION NEEDED),,PENDING_REVIEW
2025 NPC Universe,E,5,Joe Millslagle,https://contests.npcnewsonline.com/contests/2025/npc_universe/lmxb/joe_millslagle,univ25_E_5_Joe_Millslagle.jpg,pending,gray (0.66),navy (0.15),kmeans_v1 (62% family accuracy vs human reads - CALIBRATION NEEDED),,PENDING_REVIEW
2025 NPC Universe,F,1,Matthew Busardo,https://contests.npcnewsonline.com/contests/2025/npc_universe/lmxw/matthew_busardo,univ25_F_1_Matthew_Busardo.jpg,pending,gray (0.29),white (0.24),kmeans_v1 (62% family accuracy vs human reads - CALIBRATION NEEDED),,PENDING_REVIEW
2025 NPC Universe,F,2,Vinicius Oliveira,https://contests.npcnewsonline.com/contests/2025/npc_universe/lmxy/vinicius_oliveira,univ25_F_2_Vinicius_Oliveira.jpg,pending,gray (0.54),white (0.17),kmeans_v1 (62% family accuracy vs human reads - CALIBRATION NEEDED),,PENDING_REVIEW
2025 NPC Universe,F,3,Darius Tobin,https://contests.npcnewsonline.com/contests/2025/npc_universe/lmxd/darius_tobin,univ25_F_3_Darius_Tobin.jpg,pending,brown (0.66),royal blue (0.14),kmeans_v1 (62% family accuracy vs human reads - CALIBRATION NEEDED),,PENDING_REVIEW
2025 NPC Universe,F,4,Howard Banks,https://contests.npcnewsonline.com/contests/2025/npc_universe/lmwn/howard_banks,univ25_F_4_Howard_Banks.jpg,pending,gray (0.59),navy (0.16),kmeans_v1 (62% family accuracy vs human reads - CALIBRATION NEEDED),,PENDING_REVIEW
2025 NPC Universe,F,5,Richard Bowman,https://contests.npcnewsonline.com/contests/2025/npc_universe/lmwp/richard_bowman,univ25_F_5_Richard_Bowman.jpg,pending,gray (0.54),navy (0.35),kmeans_v1 (62% family accuracy vs human reads - CALIBRATION NEEDED),,PENDING_REVIEW
2025 NPC Universe,G,1,Sidharth Balakrishnan,https://contests.npcnewsonline.com/contests/2025/npc_universe/lmyu/sidharth_balakrishnan,univ25_G_1_Sidharth_Balakrishnan.jpg,pending,gray (0.49),white (0.19),kmeans_v1 (62% family accuracy vs human reads - CALIBRATION NEEDED),,PENDING_REVIEW
2025 NPC Universe,G,2,Alfarook Subhi,https://contests.npcnewsonline.com/contests/2025/npc_universe/lmz3/alfarook_subhi,univ25_G_2_Alfarook_Subhi.jpg,pending,gray (0.58),navy (0.21),kmeans_v1 (62% family accuracy vs human reads - CALIBRATION NEEDED),,PENDING_REVIEW
2025 NPC Universe,G,3,Jerian Graham,https://contests.npcnewsonline.com/contests/2025/npc_universe/lmxh/jerian_graham,univ25_G_3_Jerian_Graham.jpg,pending,gray (0.59),pink (0.18),kmeans_v1 (62% family accuracy vs human reads - CALIBRATION NEEDED),,PENDING_REVIEW
2025 NPC Universe,G,4,Roberto Franco,https://contests.npcnewsonline.com/contests/2025/npc_universe/lmyv/roberto_franco,univ25_G_4_Roberto_Franco.jpg,pending,gray (0.52),white (0.37),kmeans_v1 (62% family accuracy vs human reads - CALIBRATION NEEDED),,PENDING_REVIEW
2025 NPC Universe,G,5,Joseph Samaha,https://contests.npcnewsonline.com/contests/2025/npc_universe/lmz2/joseph_samaha,univ25_G_5_Joseph_Samaha.jpg,pending,gray (0.68),navy (0.16),kmeans_v1 (62% family accuracy vs human reads - CALIBRATION NEEDED),,PENDING_REVIEW
2025 NPC Universe,H,1,Deon Smith,https://contests.npcnewsonline.com/contests/2025/npc_universe/lmza/deon_smith,univ25_H_1_Deon_Smith.jpg,pending,gray (0.49),navy (0.28),kmeans_v1 (62% family accuracy vs human reads - CALIBRATION NEEDED),,PENDING_REVIEW
2025 NPC Universe,H,2,Keyon Harry,https://contests.npcnewsonline.com/contests/2025/npc_universe/lmz7/keyon_harry,univ25_H_2_Keyon_Harry.jpg,pending,gray (0.62),navy (0.16),kmeans_v1 (62% family accuracy vs human reads - CALIBRATION NEEDED),,PENDING_REVIEW
2025 NPC Universe,H,3,Juan Carlos Perez,https://contests.npcnewsonline.com/contests/2025/npc_universe/lmyw/juan_carlos_perez,univ25_H_3_Juan_Carlos_Perez.jpg,pending,gray (0.52),white (0.26),kmeans_v1 (62% family accuracy vs human reads - CALIBRATION NEEDED),,PENDING_REVIEW
2025 NPC Universe,H,4,Carlos Grullon,https://contests.npcnewsonline.com/contests/2025/npc_universe/lmz6/carlos_grullon,univ25_H_4_Carlos_Grullon.jpg,pending,gray (0.55),navy (0.32),kmeans_v1 (62% family accuracy vs human reads - CALIBRATION NEEDED),,PENDING_REVIEW
2025 NPC Universe,H,5,Mal Grantham,https://contests.npcnewsonline.com/contests/2025/npc_universe/lmwr/mal_grantham,univ25_H_5_Mal_Grantham.jpg,pending,gray (0.42),white (0.2),kmeans_v1 (62% family accuracy vs human reads - CALIBRATION NEEDED),,PENDING_REVIEW
2025 NPC Junior Nationals,A,1,Donald Johnson,https://contests.npcnewsonline.com/contests/2025/npc_junior_nationals/lgiz/donald_johnson,jrnats25_A_1_Donald_Johnson.jpg,pending,navy (0.37),gray (0.25),kmeans_v1 (62% family accuracy vs human reads - CALIBRATION NEEDED),,PENDING_REVIEW
2025 NPC Junior Nationals,A,2,Deontay Crawford,https://contests.npcnewsonline.com/contests/2025/npc_junior_nationals/lgiw/deontay_crawford,jrnats25_A_2_Deontay_Crawford.jpg,pending,navy (0.63),royal blue (0.14),kmeans_v1 (62% family accuracy vs human reads - CALIBRATION NEEDED),,PENDING_REVIEW
2025 NPC Junior Nationals,A,3,Marquis Feagin,https://contests.npcnewsonline.com/contests/2025/npc_junior_nationals/lgix/marquis_feagin,jrnats25_A_3_Marquis_Feagin.jpg,pending,brown (0.42),pink (0.22),kmeans_v1 (62% family accuracy vs human reads - CALIBRATION NEEDED),,PENDING_REVIEW
2025 NPC Junior Nationals,A,4,Michael Torrez,https://contests.npcnewsonline.com/contests/2025/npc_junior_nationals/lgj2/michael_torrez,jrnats25_A_4_Michael_Torrez.jpg,pending,brown (0.35),white (0.28),kmeans_v1 (62% family accuracy vs human reads - CALIBRATION NEEDED),,PENDING_REVIEW
2025 NPC Junior Nationals,A,5,Jawanza Hall,https://contests.npcnewsonline.com/contests/2025/npc_junior_nationals/lgiy/jawanza_hall,jrnats25_A_5_Jawanza_Hall.jpg,pending,brown (0.34),white (0.33),kmeans_v1 (62% family accuracy vs human reads - CALIBRATION NEEDED),,PENDING_REVIEW
2025 NPC Junior Nationals,B,1,Antonio Huddleston,https://contests.npcnewsonline.com/contests/2025/npc_junior_nationals/lghk/antonio_huddleston,jrnats25_B_1_Antonio_Huddleston.jpg,pending,navy (0.56),white (0.19),kmeans_v1 (62% family accuracy vs human reads - CALIBRATION NEEDED),,PENDING_REVIEW
2025 NPC Junior Nationals,B,2,Paulo Campagnaro,https://contests.npcnewsonline.com/contests/2025/npc_junior_nationals/lghg/paulo_campagnaro,jrnats25_B_2_Paulo_Campagnaro.jpg,pending,navy (0.57),coral (0.19),kmeans_v1 (62% family accuracy vs human reads - CALIBRATION NEEDED),,PENDING_REVIEW
2025 NPC Junior Nationals,B,3,Vincent Davenport,https://contests.npcnewsonline.com/contests/2025/npc_junior_nationals/lghi/vincent_davenport,jrnats25_B_3_Vincent_Davenport.jpg,pending,navy (0.46),brown (0.28),kmeans_v1 (62% family accuracy vs human reads - CALIBRATION NEEDED),,PENDING_REVIEW
2025 NPC Junior Nationals,B,4,Elvis De Los Santos,https://contests.npcnewsonline.com/contests/2025/npc_junior_nationals/lghj/elvis_de_los_santos,jrnats25_B_4_Elvis_De_Los_Santos.jpg,pending,navy (0.45),white (0.24),kmeans_v1 (62% family accuracy vs human reads - CALIBRATION NEEDED),,PENDING_REVIEW
2025 NPC Junior Nationals,B,5,Miles Pines,https://contests.npcnewsonline.com/contests/2025/npc_junior_nationals/lghm/miles_pines,jrnats25_B_5_Miles_Pines.jpg,pending,navy (0.65),white (0.14),kmeans_v1 (62% family accuracy vs human reads - CALIBRATION NEEDED),,PENDING_REVIEW
2025 NPC Junior Nationals,C,1,Torique Smith,https://contests.npcnewsonline.com/contests/2025/npc_junior_nationals/lgi7/torique_smith,jrnats25_C_1_Torique_Smith.jpg,pending,navy (0.49),yellow (0.21),kmeans_v1 (62% family accuracy vs human reads - CALIBRATION NEEDED),,PENDING_REVIEW
2025 NPC Junior Nationals,C,2,Ricky Betancourth,https://contests.npcnewsonline.com/contests/2025/npc_junior_nationals/lgi3/ricky_betancourth,jrnats25_C_2_Ricky_Betancourth.jpg,pending,navy (0.5),white (0.26),kmeans_v1 (62% family accuracy vs human reads - CALIBRATION NEEDED),,PENDING_REVIEW
2025 NPC Junior Nationals,C,3,Judge Love,https://contests.npcnewsonline.com/contests/2025/npc_junior_nationals/lgi6/judge_love,jrnats25_C_3_Judge_Love.jpg,pending,navy (0.43),white (0.25),kmeans_v1 (62% family accuracy vs human reads - CALIBRATION NEEDED),,PENDING_REVIEW
2025 NPC Junior Nationals,C,4,Rodney Taylor,https://contests.npcnewsonline.com/contests/2025/npc_junior_nationals/lgi8/rodney_taylor,jrnats25_C_4_Rodney_Taylor.jpg,pending,navy (0.51),gray (0.24),kmeans_v1 (62% family accuracy vs human reads - CALIBRATION NEEDED),,PENDING_REVIEW
2025 NPC Junior Nationals,C,5,Ryan Zarras,https://contests.npcnewsonline.com/contests/2025/npc_junior_nationals/lgi9/ryan_zarras,jrnats25_C_5_Ryan_Zarras.jpg,pending,brown (0.68),white (0.15),kmeans_v1 (62% family accuracy vs human reads - CALIBRATION NEEDED),,PENDING_REVIEW
2025 NPC Junior Nationals,D,1,Calvin Collins,https://contests.npcnewsonline.com/contests/2025/npc_junior_nationals/lghq/calvin_collins,jrnats25_D_1_Calvin_Collins.jpg,pending,brown (0.48),coral (0.22),kmeans_v1 (62% family accuracy vs human reads - CALIBRATION NEEDED),,PENDING_REVIEW
2025 NPC Junior Nationals,D,2,Bryan Uth,https://contests.npcnewsonline.com/contests/2025/npc_junior_nationals/lghx/bryan_uth,jrnats25_D_2_Bryan_Uth.jpg,pending,navy (0.34),brown (0.33),kmeans_v1 (62% family accuracy vs human reads - CALIBRATION NEEDED),,PENDING_REVIEW
2025 NPC Junior Nationals,D,3,Simon Dobos,https://contests.npcnewsonline.com/contests/2025/npc_junior_nationals/lghr/simon_dobos,jrnats25_D_3_Simon_Dobos.jpg,pending,navy (0.4),brown (0.35),kmeans_v1 (62% family accuracy vs human reads - CALIBRATION NEEDED),,PENDING_REVIEW
2025 NPC Junior Nationals,D,4,Edward Turk,https://contests.npcnewsonline.com/contests/2025/npc_junior_nationals/lghw/edward_turk,jrnats25_D_4_Edward_Turk.jpg,pending,brown (0.38),white (0.29),kmeans_v1 (62% family accuracy vs human reads - CALIBRATION NEEDED),,PENDING_REVIEW
2025 NPC Junior Nationals,D,5,Philip Whitcomb,https://contests.npcnewsonline.com/contests/2025/npc_junior_nationals/lghy/philip_whitcomb,jrnats25_D_5_Philip_Whitcomb.jpg,pending,navy (0.44),light blue (0.27),kmeans_v1 (62% family accuracy vs human reads - CALIBRATION NEEDED),,PENDING_REVIEW
2025 NPC Junior Nationals,E,1,Torrey Jackson,https://contests.npcnewsonline.com/contests/2025/npc_junior_nationals/lgj7/torrey_jackson,jrnats25_E_1_Torrey_Jackson.jpg,pending,navy (0.61),white (0.16),kmeans_v1 (62% family accuracy vs human reads - CALIBRATION NEEDED),,PENDING_REVIEW
2025 NPC Junior Nationals,E,2,Joe Millslagle,https://contests.npcnewsonline.com/contests/2025/npc_junior_nationals/lgj8/joe_millslagle,jrnats25_E_2_Joe_Millslagle.jpg,pending,brown (0.45),coral (0.21),kmeans_v1 (62% family accuracy vs human reads - CALIBRATION NEEDED),,PENDING_REVIEW
2025 NPC Junior Nationals,E,3,Juan Guerrero,https://contests.npcnewsonline.com/contests/2025/npc_junior_nationals/lgj5/juan_guerrero,jrnats25_E_3_Juan_Guerrero.jpg,pending,brown (0.49),light blue (0.18),kmeans_v1 (62% family accuracy vs human reads - CALIBRATION NEEDED),,PENDING_REVIEW
2025 NPC Junior Nationals,E,4,Sai Venkatraman,https://contests.npcnewsonline.com/contests/2025/npc_junior_nationals/lgj9/sai_venkatraman,jrnats25_E_4_Sai_Venkatraman.jpg,pending,navy (0.59),gray (0.2),kmeans_v1 (62% family accuracy vs human reads - CALIBRATION NEEDED),,PENDING_REVIEW
2025 NPC Junior Nationals,E,5,Darius Tobin,https://contests.npcnewsonline.com/contests/2025/npc_junior_nationals/lgja/darius_tobin,jrnats25_E_5_Darius_Tobin.jpg,pending,navy (0.44),coral (0.21),kmeans_v1 (62% family accuracy vs human reads - CALIBRATION NEEDED),,PENDING_REVIEW
2025 NPC Junior Nationals,F,1,Alexander Brown,https://contests.npcnewsonline.com/contests/2025/npc_junior_nationals/lgig/alexander_brown,jrnats25_F_1_Alexander_Brown.jpg,pending,brown (0.35),navy (0.35),kmeans_v1 (62% family accuracy vs human reads - CALIBRATION NEEDED),,PENDING_REVIEW
2025 NPC Junior Nationals,F,2,Kentrell Reynolds,https://contests.npcnewsonline.com/contests/2025/npc_junior_nationals/lgie/kentrell_reynolds,jrnats25_F_2_Kentrell_Reynolds.jpg,pending,navy (0.39),white (0.24),kmeans_v1 (62% family accuracy vs human reads - CALIBRATION NEEDED),,PENDING_REVIEW
2025 NPC Junior Nationals,F,3,Michael Van,https://contests.npcnewsonline.com/contests/2025/npc_junior_nationals/lgif/michael_van,jrnats25_F_3_Michael_Van.jpg,pending,brown (0.4),lavender (0.3),kmeans_v1 (62% family accuracy vs human reads - CALIBRATION NEEDED),,PENDING_REVIEW
2025 NPC Junior Nationals,F,4,Tyler Scott,https://contests.npcnewsonline.com/contests/2025/npc_junior_nationals/lgik/tyler_scott,jrnats25_F_4_Tyler_Scott.jpg,pending,navy (0.38),white (0.28),kmeans_v1 (62% family accuracy vs human reads - CALIBRATION NEEDED),,PENDING_REVIEW
2025 NPC Junior Nationals,F,5,Dalton Bolin,https://contests.npcnewsonline.com/contests/2025/npc_junior_nationals/lgic/dalton_bolin,jrnats25_F_5_Dalton_Bolin.jpg,pending,brown (0.57),coral (0.18),kmeans_v1 (62% family accuracy vs human reads - CALIBRATION NEEDED),,PENDING_REVIEW
2025 NPC Junior Nationals,G,1,Jasper Johnson,https://contests.npcnewsonline.com/contests/2025/npc_junior_nationals/lgis/jasper_johnson,jrnats25_G_1_Jasper_Johnson.jpg,pending,brown (0.68),white (0.14),kmeans_v1 (62% family accuracy vs human reads - CALIBRATION NEEDED),,PENDING_REVIEW
2025 NPC Junior Nationals,G,2,Trey Morgan,https://contests.npcnewsonline.com/contests/2025/npc_junior_nationals/lgit/trey_morgan,jrnats25_G_2_Trey_Morgan.jpg,pending,brown (0.53),light blue (0.24),kmeans_v1 (62% family accuracy vs human reads - CALIBRATION NEEDED),,PENDING_REVIEW
2025 NPC Junior Nationals,G,3,Gregory Graham,https://contests.npcnewsonline.com/contests/2025/npc_junior_nationals/lgiv/gregory_graham,jrnats25_G_3_Gregory_Graham.jpg,pending,brown (0.42),white (0.27),kmeans_v1 (62% family accuracy vs human reads - CALIBRATION NEEDED),,PENDING_REVIEW
2025 NPC Junior Nationals,G,4,Bryce Parrott,https://contests.npcnewsonline.com/contests/2025/npc_junior_nationals/lgh4/bryce_parrott,jrnats25_G_4_Bryce_Parrott.jpg,pending,navy (0.63),gray (0.18),kmeans_v1 (62% family accuracy vs human reads - CALIBRATION NEEDED),,PENDING_REVIEW
2025 NPC Junior Nationals,G,5,Ramion Hampton,https://contests.npcnewsonline.com/contests/2025/npc_junior_nationals/lgiq/ramion_hampton,jrnats25_G_5_Ramion_Hampton.jpg,pending,brown (0.58),white (0.21),kmeans_v1 (62% family accuracy vs human reads - CALIBRATION NEEDED),,PENDING_REVIEW
2025 NPC Junior Nationals,H,1,Deandre Benson,https://contests.npcnewsonline.com/contests/2025/npc_junior_nationals/lggy/deandre_benson,jrnats25_H_1_Deandre_Benson.jpg,pending,brown (0.35),navy (0.3),kmeans_v1 (62% family accuracy vs human reads - CALIBRATION NEEDED),,PENDING_REVIEW
2025 NPC Junior Nationals,H,2,Emanuel Abbage,https://contests.npcnewsonline.com/contests/2025/npc_junior_nationals/lgim/emanuel_abbage,jrnats25_H_2_Emanuel_Abbage.jpg,pending,navy (0.45),yellow (0.28),kmeans_v1 (62% family accuracy vs human reads - CALIBRATION NEEDED),,PENDING_REVIEW
2025 NPC Junior Nationals,H,3,Justin Kitchen,https://contests.npcnewsonline.com/contests/2025/npc_junior_nationals/lgin/justin_kitchen,jrnats25_H_3_Justin_Kitchen.jpg,pending,navy (0.45),gray (0.3),kmeans_v1 (62% family accuracy vs human reads - CALIBRATION NEEDED),,PENDING_REVIEW
2025 NPC Junior Nationals,H,4,Rondell Clark,https://contests.npcnewsonline.com/contests/2025/npc_junior_nationals/lgio/rondell_clark,jrnats25_H_4_Rondell_Clark.jpg,pending,navy (0.33),lavender (0.29),kmeans_v1 (62% family accuracy vs human reads - CALIBRATION NEEDED),,PENDING_REVIEW
2025 NPC Junior USA,A,1,Michael Quinones,https://contests.npcnewsonline.com/contests/2025/npc_junior_usa_championships/l88k/michael_quinones,jrusa25_A_1_Michael_Quinones.jpg,pending,navy (0.33),purple (0.29),kmeans_v1 (62% family accuracy vs human reads - CALIBRATION NEEDED),,PENDING_REVIEW
2025 NPC Junior USA,A,2,Jorge Estevez,https://contests.npcnewsonline.com/contests/2025/npc_junior_usa_championships/l88l/jorge_estevez,jrusa25_A_2_Jorge_Estevez.jpg,pending,navy (0.4),gray (0.27),kmeans_v1 (62% family accuracy vs human reads - CALIBRATION NEEDED),,PENDING_REVIEW
2025 NPC Junior USA,A,3,John Hidalgo,https://contests.npcnewsonline.com/contests/2025/npc_junior_usa_championships/l88m/john_hidalgo,jrusa25_A_3_John_Hidalgo.jpg,pending,navy (0.41),royal blue (0.24),kmeans_v1 (62% family accuracy vs human reads - CALIBRATION NEEDED),,PENDING_REVIEW
2025 NPC Junior USA,A,4,Frank Xavier Zappa,https://contests.npcnewsonline.com/contests/2025/npc_junior_usa_championships/l88n/frank_xavier_zappa,jrusa25_A_4_Frank_Xavier_Zappa.jpg,pending,white (0.29),light blue (0.28),kmeans_v1 (62% family accuracy vs human reads - CALIBRATION NEEDED),,PENDING_REVIEW
2025 NPC Junior USA,B,1,Paulo Campagnaro,https://contests.npcnewsonline.com/contests/2025/npc_junior_usa_championships/l884/paulo_campagnaro,jrusa25_B_1_Paulo_Campagnaro.jpg,pending,brown (0.26),lavender (0.26),kmeans_v1 (62% family accuracy vs human reads - CALIBRATION NEEDED),,PENDING_REVIEW
2025 NPC Junior USA,B,2,David Carver,https://contests.npcnewsonline.com/contests/2025/npc_junior_usa_championships/l885/david_carver,jrusa25_B_2_David_Carver.jpg,pending,navy (0.37),gray (0.29),kmeans_v1 (62% family accuracy vs human reads - CALIBRATION NEEDED),,PENDING_REVIEW
2025 NPC Junior USA,B,3,Joseph Mazzotta,https://contests.npcnewsonline.com/contests/2025/npc_junior_usa_championships/l86l/joseph_mazzotta,jrusa25_B_3_Joseph_Mazzotta.jpg,pending,white (0.38),gray (0.26),kmeans_v1 (62% family accuracy vs human reads - CALIBRATION NEEDED),,PENDING_REVIEW
2025 NPC Junior USA,B,4,Ronald Procopio,https://contests.npcnewsonline.com/contests/2025/npc_junior_usa_championships/l887/ronald_procopio,jrusa25_B_4_Ronald_Procopio.jpg,pending,gray (0.32),navy (0.24),kmeans_v1 (62% family accuracy vs human reads - CALIBRATION NEEDED),,PENDING_REVIEW
2025 NPC Junior USA,B,5,Mathieu Lekina,https://contests.npcnewsonline.com/contests/2025/npc_junior_usa_championships/l888/mathieu_lekina,jrusa25_B_5_Mathieu_Lekina.jpg,pending,yellow (0.29),white (0.29),kmeans_v1 (62% family accuracy vs human reads - CALIBRATION NEEDED),,PENDING_REVIEW
2025 NPC Junior USA,C,1,Roddy Doleman,https://contests.npcnewsonline.com/contests/2025/npc_junior_usa_championships/l88o/roddy_doleman,jrusa25_C_1_Roddy_Doleman.jpg,pending,navy (0.31),white (0.27),kmeans_v1 (62% family accuracy vs human reads - CALIBRATION NEEDED),,PENDING_REVIEW
2025 NPC Junior USA,C,2,Mohammad Samardzic,https://contests.npcnewsonline.com/contests/2025/npc_junior_usa_championships/l88p/mohammad_samardzic,jrusa25_C_2_Mohammad_Samardzic.jpg,pending,royal blue (0.31),lavender (0.27),kmeans_v1 (62% family accuracy vs human reads - CALIBRATION NEEDED),,PENDING_REVIEW
2025 NPC Junior USA,C,3,Torique Smith,https://contests.npcnewsonline.com/contests/2025/npc_junior_usa_championships/l88q/torique_smith,jrusa25_C_3_Torique_Smith.jpg,pending,white (0.36),brown (0.28),kmeans_v1 (62% family accuracy vs human reads - CALIBRATION NEEDED),,PENDING_REVIEW
2025 NPC Junior USA,C,4,Justin Dumas,https://contests.npcnewsonline.com/contests/2025/npc_junior_usa_championships/l88r/justin_dumas,jrusa25_C_4_Justin_Dumas.jpg,pending,white (0.32),gray (0.32),kmeans_v1 (62% family accuracy vs human reads - CALIBRATION NEEDED),,PENDING_REVIEW
2025 NPC Junior USA,C,5,Axel Rivera,https://contests.npcnewsonline.com/contests/2025/npc_junior_usa_championships/l88s/axel_rivera,jrusa25_C_5_Axel_Rivera.jpg,pending,light blue (0.32),white (0.28),kmeans_v1 (62% family accuracy vs human reads - CALIBRATION NEEDED),,PENDING_REVIEW
2025 NPC Junior USA,D,1,Joshua Hernandez,https://contests.npcnewsonline.com/contests/2025/npc_junior_usa_championships/l86t/joshua_hernandez,jrusa25_D_1_Joshua_Hernandez.jpg,pending,lavender (0.4),gray (0.24),kmeans_v1 (62% family accuracy vs human reads - CALIBRATION NEEDED),,PENDING_REVIEW
2025 NPC Junior USA,D,2,Enjley Cineus,https://contests.npcnewsonline.com/contests/2025/npc_junior_usa_championships/l87t/enjley_cineus,jrusa25_D_2_Enjley_Cineus.jpg,pending,white (0.41),gray (0.23),kmeans_v1 (62% family accuracy vs human reads - CALIBRATION NEEDED),,PENDING_REVIEW
2025 NPC Junior USA,D,3,Kyle Haupt,https://contests.npcnewsonline.com/contests/2025/npc_junior_usa_championships/l87u/kyle_haupt,jrusa25_D_3_Kyle_Haupt.jpg,pending,gray (0.3),lavender (0.28),kmeans_v1 (62% family accuracy vs human reads - CALIBRATION NEEDED),,PENDING_REVIEW
2025 NPC Junior USA,D,4,Denys Mykolenko,https://contests.npcnewsonline.com/contests/2025/npc_junior_usa_championships/l87v/denys_mykolenko,jrusa25_D_4_Denys_Mykolenko.jpg,pending,navy (0.29),lavender (0.29),kmeans_v1 (62% family accuracy vs human reads - CALIBRATION NEEDED),,PENDING_REVIEW
2025 NPC Junior USA,D,5,Ian Pulgar-Vidal,https://contests.npcnewsonline.com/contests/2025/npc_junior_usa_championships/l87w/ian_pulgarvidal,jrusa25_D_5_Ian_Pulgar-Vidal.jpg,pending,white (0.41),lavender (0.22),kmeans_v1 (62% family accuracy vs human reads - CALIBRATION NEEDED),,PENDING_REVIEW
2025 NPC Junior USA,E,1,Garrison Smith,https://contests.npcnewsonline.com/contests/2025/npc_junior_usa_championships/l88v/garrison_smith,jrusa25_E_1_Garrison_Smith.jpg,pending,lavender (0.31),navy (0.3),kmeans_v1 (62% family accuracy vs human reads - CALIBRATION NEEDED),,PENDING_REVIEW
2025 NPC Junior USA,E,2,Anton Wallace Jr.,https://contests.npcnewsonline.com/contests/2025/npc_junior_usa_championships/l88w/anton_wallace_jr,jrusa25_E_2_Anton_Wallace_Jr..jpg,pending,lavender (0.29),brown (0.26),kmeans_v1 (62% family accuracy vs human reads - CALIBRATION NEEDED),,PENDING_REVIEW
2025 NPC Junior USA,F,1,Pat Jackson,https://contests.npcnewsonline.com/contests/2025/npc_junior_usa_championships/l88a/pat_jackson,jrusa25_F_1_Pat_Jackson.jpg,pending,navy (0.31),gray (0.3),kmeans_v1 (62% family accuracy vs human reads - CALIBRATION NEEDED),,PENDING_REVIEW
2025 NPC Junior USA,F,2,Yurii Kliuts,https://contests.npcnewsonline.com/contests/2025/npc_junior_usa_championships/l88b/yurii_kliuts,jrusa25_F_2_Yurii_Kliuts.jpg,pending,lavender (0.3),navy (0.27),kmeans_v1 (62% family accuracy vs human reads - CALIBRATION NEEDED),,PENDING_REVIEW
2025 NPC Junior USA,F,3,Brady Roberts,https://contests.npcnewsonline.com/contests/2025/npc_junior_usa_championships/l88c/brady_roberts,jrusa25_F_3_Brady_Roberts.jpg,pending,white (0.36),purple (0.24),kmeans_v1 (62% family accuracy vs human reads - CALIBRATION NEEDED),,PENDING_REVIEW
2025 NPC Junior USA,F,4,Maksym Shevelin,https://contests.npcnewsonline.com/contests/2025/npc_junior_usa_championships/l88d/maksym_shevelin,jrusa25_F_4_Maksym_Shevelin.jpg,pending,navy (0.46),gray (0.2),kmeans_v1 (62% family accuracy vs human reads - CALIBRATION NEEDED),,PENDING_REVIEW
2025 NPC Junior USA,F,5,Joe Handlen,https://contests.npcnewsonline.com/contests/2025/npc_junior_usa_championships/l87l/joe_handlen,jrusa25_F_5_Joe_Handlen.jpg,pending,lavender (0.37),navy (0.29),kmeans_v1 (62% family accuracy vs human reads - CALIBRATION NEEDED),,PENDING_REVIEW
